month,M1_mio_PLN,M2_mio_PLN,M3_mio_PLN,Wheat_prices_index_MoM,cattle_prices_index_MoM,milk_prices_index_MoM,pigs_price_index_MoM,food_and_beverages_price_index_MoM,alcohol_and_tobacco_products_price_index_MoM,clothes_and_shoes_price_index_MoM,education_goods_and_services_price_index_MoM,communications_goods_and_services_price_index_MoM,consumer_price_index_MoM,core_inflation_net_of_administered_prices_excluded_MoM,core_inflation_net_of_most_volatile_prices_MoM,core_inflation_net_of_food_and_energy_prices_MoM,core_inflation_15pct_trimmed_mean_MoM,total_deposits_mln_PLN,total_overnight_deposits_mln_PLN,total_term_deposits_mln_PLN,total_accrued_interest_on_deposits_mln_PLN,total_consumption_loans_mln_PLN,total_loans_for_purchase_of_property_mln_PLN,total_loans_to_households_mln_PLN,total_official_reserve_assets_mln_PLN,monetary_gold_mln_PLN,other_reserve_assets_mln_PLN,registered_unemployed_in_thousands,rate_of_unemployment,average_monthly_salary_in_private_sector_PLN,rail_transport_mln_ton-km,new_flats_added,current_account_mln_PLN,capital_account_mln_PLN,financial_account_mln_PLN
12/1996,67865.981,140038.726,140428.842,.,.,.,.,.,.,.,.,.,.,.,.,.,.,82856.188,22499.342,60356.846,4240.225,10393.771,1072.598,20846.429,.,.,.,.,.,.,.,.,.,.,.
01/1997,63663.038,138755.527,139333.859,.,.,.,.,.,.,.,.,.,.,.,.,.,.,84085.048,21745.87,62339.178,4266.629,10597.054,1101.448,21376.449,.,.,.,.,.,.,.,.,.,.,.
02/1997,63625.743,141142.528,141692.194,.,.,.,.,.,.,.,.,.,.,.,.,.,.,86229.174,22070.37,64158.804,4495.383,10948.873,1101.636,22409.569,.,.,.,.,.,.,.,.,.,.,.
03/1997,65497.841,144080.767,144931.64,.,.,.,.,.,.,.,.,.,.,.,.,.,.,88546.491,23269.903,65276.588,4436.058,11425.067,1118.919,23483.473,.,.,.,.,.,.,.,.,.,.,.
04/1997,66635.334,147471.792,148012.796,.,.,.,.,.,.,.,.,.,.,.,.,.,.,90512.648,23650.222,66862.427,4599.792,11986.457,1168.219,24796.755,.,.,.,.,.,.,.,.,.,.,.
05/1997,69033.245,151110.561,151700.624,.,.,.,.,.,.,.,.,.,.,.,.,.,.,92759.037,24531.54,68227.498,4866.253,12468.484,1205.93,25549.631,.,.,.,.,.,.,.,.,.,.,.
06/1997,71672.27,154073.607,154747.644,.,.,.,.,.,.,.,.,.,.,.,.,.,.,95310.094,25562.627,69747.467,4803.38,13213.92,1280.81,26842.889,.,.,.,.,.,.,.,.,.,.,.
07/1997,74386.614,160056.307,160454.227,.,.,.,.,.,.,.,.,.,.,.,.,.,.,98589.378,26570.669,72018.709,5003.468,13675.912,1360.932,27666.591,.,.,.,.,.,.,.,.,.,.,.
08/1997,74328.588,162082.221,162408.515,.,.,.,.,.,.,.,.,.,.,.,.,.,.,100423.341,26736.498,73686.843,5261.489,14089.155,1427.944,28397.233,.,.,.,.,.,.,.,.,.,.,.
09/1997,74658.295,164710.229,165037.037,.,.,.,.,.,.,.,.,.,.,.,.,.,.,101450.804,26737.037,74713.767,5161.714,14524.677,1503.996,29106.596,.,.,.,.,.,.,.,.,.,.,.
10/1997,74854.523,169848.847,170176.525,.,.,.,.,.,.,.,.,.,.,.,.,.,.,103362.451,26709.676,76652.776,5354.264,15093.247,1588.264,29990.917,.,.,.,.,.,.,.,.,.,.,.
11/1997,75283.856,173093.794,173413.432,.,.,.,.,.,.,.,.,.,.,.,.,.,.,104545.184,26254.483,78290.702,5690.057,15372.804,1716.732,30549.352,.,.,.,.,.,.,.,.,.,.,.
12/1997,79239.771,179378.106,179602.375,.,.,.,.,.,.,.,.,.,.,.,.,.,.,108466.377,28101.913,80364.463,5188.076,16122.486,1826.418,31243.958,.,.,.,.,.,.,.,.,.,.,.
01/1998,73597.477,177942.578,178239.645,.,.,.,.,.,.,.,.,.,.,.,.,.,.,110486.07,27270.549,83215.521,5362.557,16025.93,1893.365,31435.858,78247.1,979.8,76878.7,.,.,.,.,.,.,.,.
02/1998,74417.048,180545.239,180850.493,.,.,.,.,.,.,.,.,.,.,.,.,.,.,113062.584,27886.015,85176.569,5624.4,15937.725,1947.088,31642.198,84467.8,938.9,83148.1,.,.,.,.,.,.,.,.
03/1998,75621.692,182904.341,183236.33,.,.,.,.,.,.,.,.,.,.,.,.,.,.,114904.556,28261.198,86643.358,5571.284,16168.439,2019.42,32473.838,84145,941.7,82827.2,.,.,.,.,.,.,.,.
04/1998,75681.04,185780.882,185907.545,.,.,.,.,.,.,.,.,.,.,.,.,.,.,116596.481,28229.514,88366.967,5757.729,16460.019,2100.586,33197.886,88086,957.8,86756,.,.,.,.,.,.,.,.
05/1998,78728.635,190926.763,191080.216,.,.,.,.,.,.,.,.,.,.,.,.,.,.,119427.885,28862.112,90565.773,6130.587,16837.206,2178.643,33896.629,91686.2,929.3,90377.8,.,.,.,.,.,.,.,.
06/1998,81843.521,195272.472,195388.128,.,.,.,.,.,.,.,.,.,.,.,.,.,.,122550.594,29854.089,92696.505,5968.032,17335.738,2279.187,34666.164,94448.2,3409,90661.4,.,.,.,.,.,.,.,.
07/1998,82275.541,199468.249,199705.234,.,.,.,.,.,.,.,.,.,.,.,.,.,.,125706.766,30164.375,95542.391,6099.758,17909.331,2388.822,35490.404,101460.2,3277.5,97808.2,.,.,.,.,.,.,.,.
08/1998,84113.457,204921.487,205133.564,.,.,.,.,.,.,.,.,.,.,.,.,.,.,130392.926,30824.007,99568.918,6398.188,18329.385,2516.632,36318.531,110403.3,3376.8,106620.5,.,.,.,.,.,.,.,.
09/1998,84554.125,206446.635,206639.411,.,.,.,.,.,.,.,.,.,.,.,.,.,.,132042.179,30858.339,101183.84,6231.946,18843.55,2628.535,37101.04,100586.6,3473.6,96709.7,.,.,.,.,.,.,.,.
10/1998,83240.441,207413.34,207605.358,.,.,.,.,.,.,.,.,.,.,.,.,.,.,132906.921,30700.76,102206.161,6426.728,19791.452,2733.022,38270.957,98269.4,3326.7,94544.9,.,.,.,.,.,.,.,.
11/1998,84619.635,210561.453,210741.97,.,.,.,.,.,.,.,.,.,.,.,.,.,.,134963.015,30587.223,104375.792,6644.367,19628.25,2830.722,38378.455,99954.4,3396.5,96160.7,.,.,.,.,.,.,.,.
12/1998,89919.451,223678.101,223913.444,.,.,.,.,.,.,.,.,.,.,.,.,.,.,141247.457,33666.205,107581.252,5942.603,20127.568,3004.82,38988.046,99075.7,3328.6,95342.1,.,.,.,.,.,.,.,.
01/1999,88635.787,226255.598,226342.697,.,.,.,.,.,.,.,.,.,.,.,.,.,.,144643.743,33322.13,111321.613,5941.313,20210.086,3034.325,39395.461,107713.4,3451.4,103844.5,.,.,.,.,.,.,.,.
02/1999,91943.176,233296.783,233423.836,.,.,.,.,.,.,.,.,.,.,.,.,.,.,148326.821,34646.203,113680.618,5824.729,20458.425,3144.325,40285.077,118137.1,3738.6,113444.6,.,.,.,.,.,.,.,.
03/1999,95283.259,236660.45,236748.518,.,.,.,.,.,.,.,.,.,.,.,.,.,.,150672.424,36404.221,114268.203,5445.718,21036.153,3282.285,41479.474,114724.8,3704.4,110054.7,.,.,.,.,.,.,.,.
04/1999,93989.025,236676.311,236784.415,.,.,.,.,.,.,.,.,.,.,.,.,.,.,151058.657,36773.604,114285.054,5266.414,21723.137,3399.64,42653.716,112434.2,3745.5,107740,.,.,.,.,.,.,.,.
05/1999,97092.188,239913.167,240024.54,.,.,.,.,.,.,.,.,.,.,.,.,.,.,152023.309,37476.272,114547.037,5330.687,22464.677,3598.649,44005.577,111316.8,3525.5,106841.3,.,.,.,.,.,.,.,.
06/1999,99567.895,242376.978,242631.183,.,.,.,.,.,.,.,.,.,.,.,.,.,.,153502.647,38832.014,114670.633,5070.881,23462.257,3892.556,45364.996,107611.4,3390.8,103286.2,.,.,.,.,.,.,.,.
07/1999,100034.563,244091.159,244209.856,.,.,.,.,.,.,.,.,.,.,.,.,.,.,155290.942,39863.153,115427.788,4954.75,24509.77,4122.404,46842.669,110954.6,3261.2,106752.9,.,.,.,.,.,.,.,.
08/1999,101550.204,247353.256,247529.651,.,.,.,.,.,.,.,.,.,.,.,.,.,.,156973.966,40117.719,116856.248,5035.817,25531.141,4440.015,48470.887,114498.3,3352.8,110166.1,.,.,.,.,.,.,.,.
09/1999,103055.157,252022.439,252147.876,.,.,.,.,.,.,.,.,.,.,.,.,.,.,159412.263,40496.481,118915.782,4945.438,26469.202,4883.239,49871.257,114752.4,4066.3,109655.6,.,.,.,.,.,.,.,.
10/1999,106451.16,256819.715,256956.11,.,.,.,.,.,.,.,.,.,.,.,.,.,.,161121.299,40787.068,120334.231,5058.782,27333.74,5242.256,51406.65,115645.6,4155.7,110448.3,.,.,.,.,.,.,.,.
11/1999,105637.032,261352.729,261500.752,.,.,.,.,.,.,.,.,.,.,.,.,.,.,162031.673,40971.053,121060.62,5167.445,28525.323,5535.331,53188.878,116174.1,4132.1,110977.7,.,.,.,.,.,.,.,.
12/1999,111383.89,268700.545,268867.838,.,.,.,.,.,.,.,.,.,.,.,.,.,.,162664.907,40367.061,122297.846,4831.3,29814.561,5881.674,54654.12,113305.4,3979.9,108300.1,.,.,.,.,.,.,.,.
01/2000,101145.446,260852.624,261040.531,109.12400942386,101.6,120.352960580571,98.8,101.4,101.6,100.6,100.3,107.6,.,.,.,.,.,167011.613,39595.552,127416.061,4945.302,29889.543,6051.566,55171.58,113418.6,3939.8,108451.7,2476.1,13.7,.,.,5796,.,.,.
02/2000,100853.239,264431.926,264628.088,102.237487733072,102.5,124.6,98,101.1,101,99.9,100.3,99.8,.,.,.,.,.,169357.803,39630.23,129727.573,5155.371,30187.568,6226.941,55980.156,109078.9,4031.5,104024.4,2525.8,14,.,.,6199,.,.,.
03/2000,100392.876,269598.133,269788.139,100.63351890958,102.205882352941,126.887417218543,104,100.9,100.7,100.4,100.2,102.1,.,.,.,.,.,171250.024,39683.662,131566.363,5249.5,31236.496,6469.515,57652.546,108709,3790,103905.7,2531.7,14,.,.,5977,.,.,.
04/2000,101326.805,272969.659,273158.766,100.80122090805,100.719424460432,128.112050389524,105.2,100.8,100.5,100.5,100.1,94.4,.,.,.,.,.,174957.138,40457.133,134500.004,5427.154,31570.411,6771.918,58648.114,112801.8,4022.5,107720.8,2487.9,13.8,.,.,5360,.,.,.
05/2000,103253.883,276690.83,276886.35,108.194549583649,100,130.874550744481,104.1,100.4,100.4,100.3,100.1,100,.,.,.,.,.,176484.019,40287.503,136196.516,5709.286,32778.186,7056.368,60443.769,113163.9,3952.6,108152.7,2445.4,13.6,.,.,5955,.,.,.
06/2000,109322.242,291693.383,291886.891,113.468602413853,101.2,131.600903876238,102,100.6,100.3,100.3,100.1,99.9,.,.,.,.,.,180867.133,42991.989,137875.144,5688.127,42612.328,7449.211,70880.122,114097.1,4182.9,108832.1,2437.4,13.6,.,.,4991,.,.,.
07/2000,104920.124,284257.695,284515.704,94.4812702327732,101.3,133.321579689704,116.2,100.7,100.3,100.2,100.2,104.7,.,.,.,.,.,181301.384,41105.744,140195.64,5755.818,34693.607,7762.716,63375.775,111161,3970.1,106150,2477.6,13.8,.,.,6463,.,.,.
08/2000,105440.485,284914.891,285170.986,80.5188448360255,104.6,132.571926765475,102.147971360382,98.9,100,99.8,100,100,.,.,.,.,.,182972.894,40855.841,142117.053,5955.941,35411.866,8125.259,64643.584,111856.5,4012.2,106788.9,2496.2,13.9,.,.,7147,.,.,.
09/2000,103849.065,288852.124,289140.139,100.243161094225,103.9,130.824794221401,100.934579439252,101.4,100.1,100.7,102.5,99.9,.,.,.,.,.,185806.391,40681.709,145124.682,5973.584,36340.536,8522.942,66278.57,115397.7,4108.1,110205,2528.8,14,.,.,6882,.,.,.
10/2000,103732.595,295448.056,295734.76,99.6159288457651,103.1,125.857727415801,98.2,100.8,100.4,100.5,103.3,100,.,.,.,.,.,190127.619,40367.246,149760.373,6163.011,37012.659,8900.161,67872.575,122168.5,4096.8,116972.9,2547.7,14.1,.,.,8442,.,.,.
11/2000,104210.773,298749.981,299052.9,107.386363636364,97.7,121.697558105325,90.5660377358491,100.3,100.2,100.4,100.5,99.9,.,.,.,.,.,192175.099,40233.798,151941.302,6448.329,37241.666,9240.753,68734.319,118742.3,3979.7,113692.9,2613.1,14.5,.,.,9086,.,.,.
12/2000,106455.891,300424.137,300757.259,105.593348450491,95.8,118.3,105.4,101,100.2,100.2,100,99.9,.,.,.,.,.,194972.85,40976.027,153996.824,6200.636,37852.357,9631.16,69625.531,113796,3734.9,109051,2702.6,15.1,.,.,15491,.,.,.
01/2001,101370.301,298976.518,299239.704,103.990694345025,96.0132890365449,112.690146635604,99.9,100.6,100.1,99.9,100.2,100.1,100.8,100.5,100.8,101.1,100.4,198692.971,40337.838,158355.132,6145.711,37793.341,9789.735,69818.724,114901.9,3574.5,110335.4,2835.6,15.7,.,.,9496,.,.,.
02/2001,102466.514,303598.941,303883.503,100.72276716572,92.1,110.230008023536,99.1,99.8,100.6,99.5,100.3,97.1,100.1,100.1,100.3,100.3,100.3,202227.6,40510.989,161716.61,6279.475,37471.336,9955.953,69981.904,117013.8,3593.1,112430.4,2876.9,15.9,.,.,7815,.,.,.
03/2001,103172.053,309065.8,309465.744,98.4110712455151,94.8,105.949895615866,108.3,100.5,100.7,99.8,100.1,100,100.5,100.2,100.7,100.4,100.3,204986.333,40731.468,164254.866,6330.041,37461.195,10166.123,70429.434,114792.8,3493.5,110067.6,2898.7,16.1,.,.,8444,.,.,.
04/2001,102704.046,310319.035,310608.727,99.4270833333333,114.5,103.066373398887,103.917050691244,101.5,100.6,100.1,100,100,100.8,100.7,100.5,100.4,100.3,205423.927,40958.175,164465.752,6246.326,37699.363,10444.309,71158.036,110294.4,3459.4,105648.3,2878,16,.,.,8095,.,.,.
05/2001,104276.491,312736.603,313034.589,98.3761131482452,101.038062283737,101.059238917222,93.2,101.6,100.4,100.3,100.1,108,101.1,100.9,100.1,101,100.3,207315.708,41221.664,166094.044,6323.728,38109.65,10659.509,71928.306,108406.2,3544.7,103534.4,2841.1,15.9,.,.,7064,.,.,.
06/2001,105052.553,314724.897,315025.525,99.0770323038694,98,99.7886672830538,102.142857142857,99.5,100.2,100.1,100,100,99.9,99.9,99.9,100.2,100.1,209867.856,42029.622,167838.234,6196.867,38357.132,11011.576,72557.968,108102.1,3567.3,103216.5,2849.2,15.9,.,.,6702,.,.,.
07/2001,108318.89,320801.266,321103.651,94.3926907918309,100.1,98.4792382967469,103.4,97.6,100.2,99.9,99.9,100,99.7,99.2,100.6,100.3,100.2,215221.519,44344.174,170877.345,6045.124,39225.59,11955.791,77067.117,118015.2,3725.7,112669.8,2871.5,16,.,.,8848,.,.,.
08/2001,108459.719,324636.133,324942.011,92.579237046878,103,97.0800999605419,104.4,98.7,100.5,99.5,100,100,99.7,99.6,100.1,100.1,100.1,217632.283,44887.937,172744.346,6015.06,39847.53,12615.399,78752.837,118678.1,3821.3,113183,2892.6,16.2,.,.,7962,.,.,.
09/2001,111975.291,326867.489,327153.514,100.676506765068,100.6,96.0323574730355,102.3,100.7,100.7,100.1,101.4,96.4,100.3,100.5,100.1,99.9,100.2,218740.591,45915.907,172824.684,5788.88,40170.71,13072.598,79737.71,119899.1,4105.7,114130.9,2920.4,16.3,.,.,7437,.,.,.
10/2001,111830.135,330919.544,331194.656,100.48869883934,99.4,95.6733775165687,100,100.6,100.4,100.4,102.5,100,100.4,100.4,100.4,100.3,100.2,218556.322,45311.011,173245.311,5659.908,39953.593,13207.109,79516.117,118451.1,3778.2,113074.8,2944.3,16.4,.,.,9068,.,.,.
11/2001,109387.816,322359.738,322658.05,94.2857142857143,96.9491525423729,96.0957331076997,96.4,100.2,100.2,100.3,100.2,100,100.1,100.1,100.4,100.1,100.1,216050.722,41329.411,174721.311,5213.52,40089,13520.253,79936.71,106790.3,3724.2,101478.6,3022.4,16.8,.,.,10309,.,.,.
12/2001,119567.906,329469.146,329704.677,102.063185041908,101.8,96.77648731927,98.7,100.6,100.2,100.1,100,100,100.2,100.2,100.5,100.1,100.1,219531.558,45497.688,174033.871,4923.206,40018.622,14115.397,79851.053,105891.6,3646.2,100266.1,3115.1,17.5,.,.,14727,.,.,.
01/2002,112974.328,323454.189,323709.239,100.442198357549,99.9,98.6,90.6,101.2,100.2,99.6,100.2,100.1,100.8,100.7,100.4,100.7,100.2,221405.108,45160.968,176244.14,4820.229,39615.318,14545.596,79833.582,109684.7,3888.1,103756.6,3253.3,18.1,.,.,8355,.,.,.
02/2002,116991.968,326183.539,326410.146,101.320754716981,99.9,96.9428606090016,96.5,100.1,100.2,99.2,100.1,100,100.1,100.1,100.1,100.2,100.1,222462.485,46988.288,175474.197,4554.318,39446.881,14641.861,79660.021,111191.7,4129.4,104993.3,3277.9,18.2,.,.,7501,.,.,.
03/2002,116750.21,320959.393,321319.339,99.8551624249948,99.5,96.7980295566502,101.6,100.4,100.4,99.7,100.1,100,100.2,100.3,100.1,100.2,100.1,222938.891,47773.332,175165.559,4593.545,38931.041,15198.44,82549.235,111812.9,4120.3,105652.6,3259.9,18.2,.,.,6007,.,.,.
04/2002,118455.667,319709.617,320083.788,99.1297140489018,99.2,95.3929199096159,94.75,100.5,100.4,100.1,100,100,100.5,100.5,100.3,100.3,100.1,220839.504,47392.823,173446.681,4657.065,39095.434,15602.332,82555.819,108359.6,4058.5,102302.4,3203.6,17.9,.,.,7709,.,.,.
05/2002,124038.913,324489.529,325187.527,97.9515050167224,96,90.7867494824017,93.2,99.1,100.2,100,100,100,99.8,99.7,99.7,100.1,100,221671.712,49150.933,172520.779,4443.264,39545.313,16559.532,83234.524,110955.8,4355.9,104443.4,3064.6,17.3,.,.,6013,.,.,.
06/2002,128714.677,324586.696,325076.363,99.445155783184,97.6,90.6,96.4,98.6,100.2,99.9,100,100,99.6,99.5,99.8,100.1,100,221677.278,49846.663,171830.615,4454.976,39863.312,17775.521,83433.418,113832.4,4259.2,107337.5,3090.9,17.4,.,.,7209,.,.,.
07/2002,131505.893,327167.081,327462.344,93.2188841201717,100,89.1902779642809,107.7,97.1,100.1,99.8,100,100,99.5,99,100.3,100.1,100,222360.55,50905.772,171454.778,4476.864,40256.391,18738.273,84607.623,122143.4,4201.6,115137.5,3105.3,17.5,.,.,5975,.,.,.
08/2002,129286.412,326017.515,326290.308,99.0101289134438,100,90.0149031296572,98.9100817438692,98.6,100,99.5,100,100,99.6,99.5,100,100,100,221609.83,51276.176,170333.654,4429.433,40738.214,18898.22,85107.969,121676.3,4287,114573.6,3105.6,17.5,.,.,6904,.,.,.
09/2002,130679.128,324017.337,324176.673,99.8372471518252,99.8,89.2365289477203,95.5,100.8,99.8,100,100.3,100,100.3,100.4,100.1,100,100,219467.068,50779.867,168687.201,4445.089,41386.186,19323.387,85981.173,121398.7,4442.4,114138.7,3108.1,17.6,.,.,6878,.,.,.
10/2002,130450.312,324620.533,324781.988,100.7452258966,97.5,90.654816363874,95.3757225433526,101,96.8,100.5,101.5,100,100.3,100.3,99.9,99.8,100.1,217737.923,50648.18,167089.743,4513.33,41074.574,19726.156,85830.581,117934.5,4227.4,110966.9,3108.1,17.5,.,.,11023,.,.,.
11/2002,134731.719,321562.565,322394.449,97.6421636615811,100,89.6100628930818,97.8,99.7,99,100.2,100.2,100,99.9,99.8,100.2,99.9,100,214499.485,53172.211,161327.274,3707.261,40697.302,20069.647,85790.632,118291.6,4230.6,111325.3,3150.8,17.8,.,.,9273,.,.,.
12/2002,140774.929,324346.43,326124.904,102.035984848485,104.198473282443,90.1665442076904,100.61919504644,100.3,99.6,100,100,100,100.1,100.1,100.5,100,100,213398.977,54075.01,159323.967,3545.896,40966.601,20634.27,86122.657,114374.6,4353,107330.7,3217,18,.,.,14748,.,.,.
01/2003,134186.05,319758.534,322118.612,101.1,96.4,91.1,89.7,100.4,99.8,99.4,100.1,100,100.4,100.3,100,100.3,100.1,212176.47,52971.599,159204.871,3509.325,40623.089,21137.755,86459.571,116410.1,4641.1,109053.6,3320.6,20.6,.,.,9607,.,.,.
02/2003,137582.987,323056.954,325695.455,102.5,101.1,91.9,103.4,99.8,100,98.8,100.1,100,100.1,100.1,99.9,100.1,100.1,213720.321,54822.981,158897.34,3463.021,40000.137,21727.85,86638.636,124648.6,4499.1,117387.7,3344.2,20.7,.,.,9554,.,.,.
03/2003,140974.704,322637.85,325677.598,101.6,99.1,93.1,100.6,100.3,100.1,99.5,100,100,100.3,100.3,100.1,100.1,100,213497.317,55095.189,158402.128,3461.758,40277.84,22803.247,88367.488,125978.6,4487.8,118597.4,3321,20.6,.,.,8492,.,.,.
04/2003,135464.734,321984.99,325293.949,104.5,101.7,94.8,103.1,100.6,100.3,100,100,100,100.2,100.2,99.8,100.1,100,210781.4,54552.606,156228.794,3470.563,40127.962,22673.675,87971.616,119257.6,4278.9,112014.9,3246.1,20.3,.,.,9573,.,.,.
05/2003,142846.078,325064.664,328456.735,108.4,95.7,98.7,98.2,100.4,100.2,100,100,100,100,99.9,99.9,100.1,100,209205.006,55230.231,153974.775,3379.707,40697.127,23501.339,89339.794,124408.8,4490.8,116988.3,3159.6,19.8,.,.,10524,.,.,.
06/2003,151226.968,327733.066,331497.561,103.7,99.5,98.8,103.4,100,100.2,100,100,100,99.9,99.8,99.8,100,100,209158.534,56708.111,152450.423,3280.774,40847.324,24581.109,90495.729,125018.2,4461,117524.6,3134.6,19.7,.,.,18585,.,.,.
07/2003,151855.899,327958.022,331794.931,89.7,97.1,100.5,110.9,98.1,100.2,99.6,100,100,99.6,99.3,100.2,99.9,100.1,208694.454,57737.807,150956.647,3238.927,40989.282,25228.623,91317.759,124025.7,4544.3,116503,3123,19.6,.,.,43492,.,.,.
08/2003,153307.584,329714.07,333651.934,90.9,101.3,100.9,101,98.2,100.6,99.3,100,100,99.6,99.5,100.1,100,100.1,208400.643,58375.125,150025.518,3207.401,41146.825,26028.286,92282.992,126619.9,4964.1,118271.5,3099.1,19.5,.,.,6458,.,.,.
09/2003,156679.605,331850.367,335817.495,101.6,99.5,103.4,105.1,101.5,100.4,99.8,100.2,100,100.5,100.6,100.2,100,100.1,207866.703,58494.545,149372.158,3187.405,41762.049,27888.795,94890.294,130930.4,5109.1,122438.3,3073.3,19.4,.,.,8174,.,.,.
10/2003,156265.586,337353.334,341353.418,100.7,101.6,104,87.2,101.5,100.1,100.2,101.5,100,100.6,100.6,100.4,100.1,100.1,208480.571,58462.562,150018.009,3162.249,42168.806,28975.964,96363.957,135903.5,5141.2,127386.9,3058.2,19.3,.,.,9548,.,.,.
11/2003,161242.427,339297.82,341323.228,122.8,98.7,108.5,95.5,100.8,100.1,100.2,100.1,100,100.3,100.4,100.3,100.1,100.1,208445.563,61592.661,146852.902,2766.949,42095.847,29835.595,97399.228,134274.6,5184.2,125704.2,3096.9,19.5,.,.,9214,.,.,.
12/2003,163158.887,342860.22,345144.828,114.7,104.2,107.8,99.1,100.5,100,100,100,100,100.2,100.2,100.6,100.1,100,209926.735,62042.351,147884.384,2688.348,42275.982,30762.417,98133.515,127804.9,5163.8,119388.6,3175.7,20,.,.,19465,.,.,.
01/2004,157691.353,336935.975,340153.312,109.5,100.2,107.5,98.7,100.5,100.1,99.2,100.1,100,100.4,100.4,99.9,100.2,100.2,209594.291,60964.324,148629.967,2711.226,42045.318,31391.693,98672.351,142417.3,5089,134051.8,3293.2,20.6,.,.,11187,-3336.00505380615,132.964333333333,-5813.97315458937
02/2004,161359.242,340271.244,343657.217,102.4,104.3,108.9,106.9,100.3,100.1,98.6,100.1,100,100.1,100.1,100.1,99.9,100.1,211120.447,62818.92,148301.527,2702.879,41657.89,32230.033,99322.868,147965.6,5148.7,139471.8,3294.5,20.6,.,.,7557,-3989.71262485342,47.9643333333333,-4155.17003864734
03/2004,166399.615,342096.455,345880.975,98.6,103.9,109.4,117,100.8,100.1,99.5,100.1,99.8,100.3,100.4,100.1,100.1,100.2,208887.126,62692.732,146194.394,2720.186,41955.031,32572.996,100233.109,142375.7,5440.7,133731.5,3265.8,20.4,.,.,9492,-6802.30153903453,258.964333333333,-6319.88280676328
04/2004,165358.122,350781.27,354586.38,99.7,103.3,112.4,104.5,102.1,100.6,100,100.1,100,100.8,101,100.5,100.2,100.2,207555.337,61918.601,145636.736,2757.833,42981.261,34286.568,103686.668,143094.5,5157.2,134651.5,3173.8,19.9,.,.,8337,-8675.52408501723,236.888333333333,-2602.2364589372
05/2004,170058.095,346624.725,350766.923,101.4,114.1,118.7,102.2,100.6,100.5,100.4,100.1,99.9,101,101.2,100.7,101,100.4,205503.047,61993.714,143509.333,2770.732,41489.53,34437.224,102636.329,139102.7,4949,131031.9,3092.5,19.5,.,.,7054,-4396.16925955299,75.8883333333333,-5536.68577777778
06/2004,173931.468,350294.502,356641.337,98.9,119.9,124.3,113.4,102.7,100.2,100,100,100,100.9,101.1,100.2,100.2,100.2,205150.751,62761.527,142389.224,2752.582,41875.229,34827.912,103413.631,136018.7,4880.5,128154.7,3071.2,19.4,.,.,6602,-3801.04641750233,295.888333333333,-2887.66476328502
07/2004,168592.11,349192.627,356086.237,88.9,97.3,129,99.7,99.2,100.4,99.4,100,100,99.9,99.8,100.4,100.2,100.2,204880.41,62360.145,142520.265,2808.636,42580.654,34651.215,103916.593,130276.4,4678.1,122712.7,3042.4,19.3,.,.,7474,-5772.25862317096,2311.80366666667,-2399.6178921095
08/2004,174089.16,353147.17,360115.1,68.6,97.5,130.5,101.3,98.4,100.3,99.1,100,100,99.6,99.5,100.1,100,100.1,205624.229,62657.458,142966.771,2880.39,43478.351,35854.004,106017.86,135760.3,4970.1,127866.4,3005.7,19.1,.,.,7191,-2850.74850339787,90.8036666666667,-982.099708534621
09/2004,174745.313,352678.316,360297.609,100.1,101.5,129,106.4,100.4,100.2,99.9,100.4,100,100.3,100.3,100.2,100.1,100.2,205247.679,62941.753,142305.926,2945.85,44222.447,36281.315,107114.453,130353.5,4851.7,122663.7,2970.9,18.9,.,.,7138,-4056.92852268315,2.80366666666669,-4002.94437681159
10/2004,187770.61,372303.238,379604.421,100.5,98.6,128,94,101.1,100.1,100.3,103.2,100,100.6,100.7,100.4,100.2,100.2,208189.181,68638.759,139550.422,2958.606,45294.917,37062.555,122858.046,120722.5,4787.9,113212.8,2938.2,18.7,.,.,9534,-3677.73363967995,547.860666666667,2340.74756038647
11/2004,181397.459,359231.343,365982.16,98,99.2,123.9,97.8,100.8,100,100.1,100.1,100,100.3,100.3,100.3,100,100.1,203025.486,63193.468,139832.018,2668.405,45727.183,37343.219,111056.749,118654.1,4753.3,111386.3,2942.6,18.7,.,.,9612,-2384.8345724722,219.860666666667,3291.80774879227
12/2004,181975.821,368714.137,377534.462,99.8,100.1,123.8,96.9,100.6,100,99.9,100,100,100.1,100.1,100.5,100,100,207176.141,64716.576,142459.565,2666.237,46511.155,37250.639,109659.967,109996.3,4332.4,103359.7,2999.6,19,.,.,16939,-4084.0471513007,35.8606666666667,751.068318840579
01/2005,179444.097,366416.955,377241.485,98.9,101,122.3,87.5,99.8,100.1,98.2,100.1,100,100.1,99.8,100,100.1,100.1,208452.512,64990.484,143462.028,2785.049,46603.73,37707.259,110447.312,127821.2,4373.4,121090.2,3094.9,19.4,2385.26963135897,.,11971,-2099.63022031431,8.82466666666666,-2551.49631561997
02/2005,185595.874,371693.577,382293.933,98.5,106.3,120.6,102.3,99.7,100.1,98.5,100,100,99.9,99.9,100,100,100.1,210510.259,68551.717,141958.542,2843.16,46276.416,37683.824,109976.457,125484.8,4259.6,119010.5,3094.5,19.4,2411.31384914179,.,7561,-2354.75408172718,133.824666666667,-3278.93290499195
03/2005,189897.53,380308.273,391189.56,97.6,102.6,119,100,100.2,100.3,99.4,100.1,100.3,100.1,100.1,100,100.1,100,213610.084,69950.923,143659.161,2910.405,47350.523,39240.261,112752.857,120464.2,4456.5,113680.6,3052.6,19.2,2480.43826337788,.,6968,-1846.35870961858,1522.82466666667,-836.332950080514
04/2005,185688.719,385623.925,397675.712,96.6,100.4,115.6,91.2,100.5,100.5,99.9,100.1,100,100.4,100.4,100.2,100.1,100,214780.232,71104.953,143675.279,2981.395,48651.295,41645.83,118509.19,134503.8,4726.6,127389.9,2957.8,18.7,2471.13185915048,.,8926,-1106.60723541367,166.471333333333,107.264175523349
05/2005,199174.312,392122.961,405254.21,99.8,100.1,110.8,99.3,100.9,100.6,100,100,100,100.3,100.4,99.9,100.1,100,213452.048,72680.627,140771.421,2962.24,49516.881,42043.973,124643.745,135182.4,4586.9,128409.1,2867.3,18.2,2423.68597987237,.,7287,-3936.39926874208,15.4713333333333,-206.806495974236
06/2005,198995.235,390159.927,404867.326,96,102.2,108,102.9,98.8,100.5,99.9,100,99.9,99.8,99.7,99.9,100.1,100,214304.895,74157.345,140147.55,2952.395,50308.036,43379.122,120424.586,137983.8,4834.3,131013,2827.4,18,2512.62245413195,.,6718,-843.755662376307,107.471333333333,-1588.14376972625
07/2005,197210.915,391150.422,403396.094,102.3,98.9,104.2,108.2,98.3,100.3,99.4,100,100,99.8,99.6,100.3,100.1,100.1,215329.903,75325.613,140004.29,2980.017,51287.069,45096.992,123479.044,137455.7,4759.8,130678.9,2809,17.9,2506.44628688373,.,8838,-2706.20689918911,65.055,-1921.23462640902
08/2005,204548.666,397421.797,409919.699,92,98.9,102.2,105.2,99.4,100.2,98.8,100,100,99.9,99.9,100.1,99.9,100.1,215501.299,76085.314,139415.985,2963.137,52459.872,46518.978,126491.312,136995.4,4746.4,130244.7,2783.3,17.7,2480.05648531533,.,9594,-2478.32777265592,113.055,1549.6719194847
09/2005,203606.716,401581.22,414133.794,103.2,98.1,101.4,98.6,100.6,100.2,99.6,100.5,100.1,100.4,100.4,100.2,100,100.1,213793.662,75741.836,138051.826,2949.625,53429.612,47145.453,128348.208,133735.7,5100.8,126893.7,2760.1,17.6,2483.81723209878,.,9519,-2728.54168278701,236.055,-4080.94421095008
10/2005,207584.179,407006.481,422359.651,100.3,95.8,99.7,94.3,100.9,100.1,100.3,100.8,100,100.4,100.3,100.3,100.1,100.1,215114.635,76735.991,138378.644,2968.907,54742.122,49581.099,132169.418,137821.5,5170,130876.8,2712.1,17.3,2538.71390991267,.,10095,-2946.57021947664,130.712666666667,-3182.37352012882
11/2005,214577.235,408782.113,421697.322,100.6,98.9,98.4,92.4,99.7,100,100,100.1,99.4,99.8,99.7,100.1,99.9,100,214990.351,79033.029,135957.322,2699.716,55493.915,50529.134,134103.316,137437.7,5417.3,130264,2722.8,17.3,2679.40199058739,.,10048,-2858.89880525829,60.7126666666667,-3406.17887278583
12/2005,220639.045,415163.519,427125.439,100.4,99.4,98.6,100.1,100,100,99.9,100,99.9,99.8,99.7,100.2,100,100,218383.686,82718.711,135664.975,2452.265,56023.724,52331.361,136025.713,138837.6,5535,132073,2773,17.6,2789.08062302645,.,16541,-2762.16877491181,594.712666666667,-3304.22951690821
01/2006,217345.614,410120.206,422119.795,104.1,101.7,97.9,94.5,100.3,100.1,98.1,100.2,100,100.2,99.8,100,99.9,100.1,217928.379,82274.002,135654.377,2447.486,56138.589,53462.262,137422.894,136648.2,5962.1,129922.8,2866.7,18,2470.93651114475,.,10192,-1826.90447520971,623.189,-1621.92843639291
02/2006,224478.716,417061.959,431534.036,102.7,104.8,99.1,95.2,100.3,99.9,98,100,100,100,100,99.9,99.9,100,218882.455,84341.174,134541.281,2416.669,55953.903,53663.728,137559.685,144566,5848.6,137956.2,2865.9,18,2526.1276115045,.,8754,-4290.8956498676,628.189,-3391.18338808373
03/2006,222772.834,421150.531,433718.524,101.3,101.4,99.1,104.7,99.8,99.9,99.3,100,100,99.9,99.9,100.1,100,100,222063.247,87474.767,134588.48,2393.414,57029.023,57213.624,142731.942,143837.1,6276.7,136778.4,2822,17.8,2613.66826052407,.,9338,-3590.28767579331,120.189,-4010.77848953301
04/2006,222679.079,425273.793,438928.485,101.4,100.3,100.3,98.5,100.7,100,99.9,100,100,100.7,100.5,100.2,100.1,100,220766.411,88550.706,132215.705,2412.795,57915.078,58754.753,145590.677,140011.3,6511.7,132733.8,2703.6,17.2,2569.83780803098,.,7319,-3401.97504357025,400.814,-1400.32771014493
05/2006,237369.359,433601.452,449313.808,103.6,99.6,100.5,100.1,101.3,100.2,99.9,100,100,100.5,100.6,100,100,100.1,221387.487,90721.199,130666.288,2429.152,59782.47,62267.096,151465.925,148844.1,6635.6,141438.2,2583,16.5,2549.4672543934,.,6603,-3293.73104683688,540.814,-283.324333333334
06/2006,240177.119,440505.178,454377.067,102,101.3,100.2,106.4,98.9,100.3,99.8,100.1,100,99.7,99.7,99.7,100.1,100,226260.473,94000.536,132259.937,2436.772,60889.621,65780.298,156551.237,149275.2,6318.9,142162,2487.6,15.9,2624.72059099405,.,8155,-3423.51878339432,-126.186,-5053.83379227053
07/2006,246683.784,442798.058,456525.549,97.4,97,100.2,110.3,98.5,100.3,99.2,100,101.9,100,99.9,100.1,100.5,100.1,225953.504,95070.33,130883.174,2428.538,61905.207,67274.231,159886.303,149309.8,6496.4,142038.9,2443.4,15.7,2647.73281622231,.,9545,-3926.28615825685,822.087666666667,2163.56639291465
08/2006,248995.307,449012.041,463246.501,106.6,99,101,109,100.7,100.4,98.5,100,100.1,100.3,100.4,100.2,100,100.2,227973.203,96324.044,131649.159,2439.688,63358.651,70056.63,164726.11,149310.3,6303.9,142185.8,2411.6,15.5,2611.9110384383,.,8508,-4303.41047760619,-1.91233333333328,-2902.41430756844
09/2006,253299.554,454205.828,469492.056,113.5,102.1,101.1,96.4,100.6,100.2,99.8,100.3,100,100.2,100.2,100.1,100.1,100.1,229592.288,97714.25,131878.038,2444.109,64912.087,73135.157,169833.581,153023.2,6255.4,145934.4,2363.6,15.2,2611.01008955077,.,8167,-1179.03858862464,1151.08766666667,1911.29699677939
10/2006,254663.826,459026.73,476372.084,102,97.6,101.1,91,100.8,100.1,100.1,100.3,99.9,100.1,100.1,100.1,100.1,100.1,229689.004,98951.992,130737.012,2453.043,66174.838,75380.672,173424.82,144502,6089,137593.3,2301.8,14.9,2658.09,.,11241,-5903.59245033634,57.9493333333333,-4151.59100161031
11/2006,264100.335,466057.044,483261.36,106.4,97.1,100.4,91.6,100.2,100.1,100,100.1,99.7,100,100,100.4,100,100.1,228759.406,101225.714,127533.692,2253.375,67109.759,77447.042,177845.919,143060.8,6105.8,136164.6,2287.3,14.8,2759.55,.,11541,-5152.98087912967,834.949333333333,-6585.0972141707
12/2006,275830.909,481210.466,495309.469,106.9,101.8,101.5,95.8,99.7,100.1,99.8,100,100.1,99.8,99.7,100.5,100,100,237149.053,108471.457,128677.596,2214.118,68334.716,80889.853,182893.022,141113.7,6120.9,134225.5,2309.4,14.8,3027.52,.,15990,-5630.61895795801,1430.94933333333,-7427.59200805153
01/2007,277433.832,488060.833,503574.817,110.1,101.9,101.2,96.1,101.1,100.1,97.7,100.2,99.9,100.4,100.2,99.9,100,100.2,240677.663,112577.987,128099.676,2179.447,69157.125,84663.303,188424.449,155684.1,6494.4,148390.6,2365.8,15.1,2663.16,.,10186,-5674.12726551744,596.104333333333,-3519.5284863124
02/2007,284706.498,495376.461,509351.694,102.6,103,101.8,103.1,100.7,100.1,98.3,100,100,100.3,100.3,100.1,100,100.1,243212.953,116320.806,126892.147,2186.453,69586.939,87452.52,191279.759,151419.5,6651.6,143980,2331.1,14.8,2686.92,.,8717,-5198.43149109053,618.104333333333,-6364.47885346216
03/2007,286465.75,497294.745,511981.723,98.1,99.2,103.8,100.9,100.8,100,99.3,100,100,100.5,100.5,100.1,100.1,100.2,241732.675,115907.38,125825.295,2182.709,71460.739,89959.785,197829.373,147570.3,6378.2,140469.3,2232.5,14.3,2852.35,.,8076,-5601.27917047096,533.104333333333,-5004.21615136875
04/2007,285350.548,502083.302,517000.455,97.7,98.3,104.8,100.9,100.9,100.1,99.9,100,100,100.5,100.5,100.1,100.2,100.2,239488.498,115977.385,123511.113,2194.121,72967.152,91871.249,203284.146,145083.8,6248.6,138132.2,2103.1,13.6,2785.93,.,8759,-5122.53962271289,854.202,-4590.45333977456
05/2007,293061.997,504800.537,521236.68,98.5,96.1,107.6,97.1,101.2,100.3,100,100,100,100.5,100.6,99.7,100.2,100.2,236980.228,116454.991,120525.237,2205.991,75622.04,96486.898,210476.471,156754.7,6171.3,149869.2,1985.1,12.9,2776.82,.,8408,-8172.67952901366,379.202,-9885.53514653784
06/2007,295882.037,506806.993,521382.119,95.3,99.4,109.3,109,99,100.9,99.9,100,100,100,100,99.8,100.2,100.2,237461.872,118395.991,119065.881,2195.151,77590.7,100019.474,216337.54,152375.1,6004.2,145710.9,1895.1,12.3,2868.97,.,8682,-8494.95937140378,698.202,-8761.50234782608
07/2007,303226.601,511540.906,527691.986,94.9,99.3,113.3,112.6,98.4,101.4,98.8,100.3,100,99.7,99.7,100.1,100.2,100.2,238184.473,119876.022,118308.451,2210.261,79949.002,105414.296,224994.216,155122,6099.1,148356.2,1856.1,12.1,2893.57,.,11527,-7612.78519150645,566.95,-3175.4550531401
08/2007,301053.34,521751.55,538040.593,122.8,103.2,117.4,103,99.4,101.1,98.8,100,98.1,99.6,99.6,100.3,99.7,100.1,243697.698,123277.722,120419.976,2217.455,82175.961,110716.812,232674.597,157341.7,6185.2,150481.7,1821.9,11.9,2885.47,.,11559,-4843.09536215135,1419.95,-2788.01399516908
09/2007,309745.642,523462.956,537327.26,123.4,102,125.7,99.7,102.4,100.6,99.9,100.7,100,100.8,100.9,100.6,100.1,100.3,245094.965,124699.021,120395.944,2207.267,84339.836,113295.244,237780.693,155382.6,6503.2,148229.4,1777.8,11.6,2858.09,.,11038,-5101.11831170898,1210.95,-6671.80259259259
10/2007,302668.148,527874.019,541941.424,98.6,96.7,130.5,88.5,101.7,100.3,100.2,101.1,100,100.6,100.7,100.6,100.2,100.3,245214.755,125339.277,119875.478,2215.207,87177.72,113865.984,241950.661,151254.1,6515.6,144121.9,1720.9,11.3,2950.95,.,15983,-7606.63810111912,1821.40933333333,-5252.636352657
11/2007,313377.185,536088.887,548955.265,96.8,96.7,137.2,91.1,101.5,100.2,100.2,100.1,100,100.7,100.7,100.9,100.1,100.3,250081.495,129007.551,121073.944,2170.054,88283.452,119130.246,248258.876,167741.8,6464.6,160667,1719.4,11.2,3091.33,.,13548,-5252.18746335602,1496.40933333333,-4395.46183091787
12/2007,335266.206,549344.291,561623.759,100.6,102.3,134.4,102.6,100.3,100.3,99.8,100,100.3,100.3,100.3,100.9,100.2,100.2,260643.161,136658.457,123984.704,2158.417,90501.928,121799.156,253189.386,160090.1,6738.6,152751.2,1746.6,11.2,3245.14,.,17215,-10089.5587771072,2588.40933333333,-8476.78554750403
01/2008,330358.387,556007.732,568642.967,107.1,101.9,129.2,103.9,101.1,100.3,96.8,100.6,100.5,100.7,100.6,100.4,100.5,100.5,273088.344,143573.056,129515.288,2196.859,91988.238,127736.095,260928.245,167557.7,7468.4,159488.4,1813.4,11.5,2975.54,.,14640,-5653.77581979309,912.028,-4087.06389694042
02/2008,328719.978,565581.997,577956.212,102.1,101.2,124.1,93.8,100.2,100.2,98.4,100.2,99.8,100.4,100.1,100.6,100.1,100.3,278519.726,143775.493,134744.233,2229.325,93163.87,129298.559,264869.461,167885.4,7423.1,159886.9,1778.5,11.3,3040.46,.,10977,-5813.24520316759,1021.028,-6514.25659742351
03/2008,337995.084,570176.454,581823.215,103.4,100.1,118.9,110.5,100.4,100.2,101,100.1,100,100.4,100.4,100.4,100.3,100.3,282510.95,146331.221,136179.729,2282.786,95545.797,133986.932,272708.931,171671.8,6916.3,164175.4,1702.2,10.9,3152.96,.,9798,-8341.24591149286,2853.028,-7089.72439452496
04/2008,327108.659,581982.673,594317.671,101.3,100.3,112.8,100.4,100.7,100.2,99.9,100.1,100,100.4,100.4,100.1,100.3,100.3,282770.967,146077.608,136693.359,2390.613,98143.614,134895.439,278100.329,176096.7,6392.7,169141.4,1605.7,10.3,3144.87,.,13717,-6962.78765478906,4769.87466666667,-3819.84290660225
05/2008,343810.678,589308.477,600136.357,93.8,100.8,106.5,110.7,101.2,100.4,99.9,100,100,100.8,100.6,99.9,100.2,100.4,284879.012,148732.453,136146.559,2538.416,100642.62,136493.362,283029.907,172192.4,6350.3,165242.7,1525.6,9.8,3076.14,.,9724,-7795.44790537243,683.874666666667,-7748.40250563607
06/2008,353668.999,595558.242,606583.068,93,102.6,102.4,107.2,99.4,100.7,99.7,100.1,100.4,100.2,100.2,100,100.3,100.4,289587.581,153119.841,136467.74,2624.79,103379.706,141539.429,291748.183,174944,6541.2,167812.8,1455.3,9.4,3222.47,.,10427,-8274.33252441485,558.874666666667,-9524.25915458937
07/2008,352889.205,605561.126,616092.587,85.8,96.4,95.7,103.5,98.9,101.1,98.3,100.1,100.1,100,99.9,100.3,100.2,100.3,295360.702,155845.659,139515.043,2730.429,105883.266,141279.505,294393.484,174247,6188.8,167489.7,1422.9,9.2,3234.96,.,14630,-5221.97685535114,272.468333333333,-2258.3140805153
08/2008,353016.964,614791.029,628647.656,83.2,101.7,89.5,101.1,98.4,101.8,98.2,100.4,99.7,99.6,99.5,100.2,100.1,100.1,299736.895,155151.412,144585.483,2832.315,108984.079,150028.47,306870.74,185157.1,6280.4,178268.4,1404.4,9.1,3172.54,.,11184,-6480.33338422204,1047.46833333333,-7542.35791143317
09/2008,355002.007,619703.1,630463.687,90.2,100.4,81.4,102.8,100.6,101.2,101.4,101.4,100,100.3,100.3,100.5,100.3,100.2,302183.608,151714.506,150469.102,2919.634,112115.187,158033.88,318414.695,175975.3,7036.5,168307.3,1376.6,8.9,3176.84,.,12387,-9386.21069391853,122.468333333333,-12532.6116650564
10/2008,345536.659,627470.869,635742.408,90.3,98.5,74.7,93.2,100.8,100.7,100.3,101.1,100,100.4,100.4,100.5,100.2,100.2,303907.302,142996.337,160910.965,3039.533,115485.036,176725.975,341104.638,181785.3,6863,174217.4,1352.3,8.8,3247.77,.,15792,-8592.72607294922,1059.56166666667,-17665.5338099839
11/2008,344880.305,639993.542,648296.529,98.5,100.7,69.5,99,100.7,100.7,99.9,100.1,99.9,100.2,100.1,100.7,100.1,100.2,311331.801,140108.299,171223.502,3288.328,116714.386,177342.306,343499.366,185079.3,7858.7,176165.1,1398.5,9.1,3326.94,.,12036,-7305.32959618215,325.561666666667,-9438.85029307569
12/2008,349943.138,660239.876,666231.322,102.3,101,67.3,105.2,100.8,100.4,99.4,100.1,99.9,99.9,99.9,100.6,100.1,100.1,328363.144,143364.861,184998.283,3552.204,119929.142,197780.882,366966.9,184165.2,8476.9,174574.3,1473.8,9.5,3428.01,.,29877,-9504.97072915015,615.561666666667,-12585.751726248
01/2009,341261.22,663027.986,668851.699,101.5,103,70.6,98.3,101.1,100.5,96.5,100.4,100,100.5,100.2,100.2,100.2,100.4,337996.709,144965.504,193031.205,3820.023,121621.578,208814.078,380233.953,204779.7,10503.4,193035.2,1634.4,10.4,3215.75,.,22096,-6069.84469009574,-66.4656666666667,-9426.77236876006
02/2009,347599.195,674154.748,680923.304,110.7,106.8,72,100.6,100.6,100.7,98.2,100.1,100,100.9,100.6,100.6,100.2,100.3,347306.519,150041.749,197264.77,4062.702,122564.25,217396.102,390537.031,227516.4,11478.1,214731,1718.8,10.9,3195.56,.,9737,426.497923196753,8256.53433333333,2699.82847665056
03/2009,356863.295,678861.293,683678.499,97.9,104,74.6,107.4,101.9,101,100.3,100.2,100,100.7,100.8,100.7,100.4,100.4,352118.62,155023.906,197094.714,3754.281,124154.961,217551.64,392877.558,216926.6,10763.2,204736.1,1758.8,11.1,3332.65,.,9665,-3554.4186640814,261.534333333333,-3803.54419806763
04/2009,351967.7,675202.149,680025.794,96.7,101.5,79.1,102,101.6,100.8,99.9,100.1,100,100.7,100.8,100.1,100.4,100.4,352715.121,158349.551,194365.57,3813.813,125601.377,209644.381,386930.25,210588.6,9665.4,199591.1,1719.9,10.9,3294.76,.,12893,-4454.32415105511,2994.91533333333,-1608.43292914654
05/2009,359925.408,680445.217,685393.376,101.6,96.7,82.7,98.6,100.7,100.5,100,100,100,100.5,100.5,100.2,100.3,100.3,354895.192,160780.919,194114.273,3995.314,127701.231,213579.296,393714.88,216024,10231,204646.5,1683.4,10.7,3193.9,.,9909,-4422.47084422426,1054.91533333333,-4237.54273590982
06/2009,370618.225,687454.585,693693.402,105.9,105.5,84.8,105.2,98.9,100.9,99.5,99.6,100,100.2,100.2,100,100.3,100.2,359149.781,166863.585,192286.196,3904.649,129156.51,215225.464,396990.03,212987.6,9880.2,201963.4,1658.7,10.6,3287.88,.,11847,-4282.61270302309,474.915333333333,-362.331566827697
07/2009,363656.133,682404.833,689427.678,97.1,97.7,87.9,100.4,98.8,102.7,98.3,100,100,100.1,100.1,100.4,100.4,100.2,359798.499,167925.557,191872.942,3961.502,130277.301,206809.846,389786.413,211185.7,9148.7,200618.5,1676.1,10.7,3361.9,.,15472,-6234.14389972029,1268.99733333333,-6503.11884057971
08/2009,371091.279,678889.774,685391.105,86.3,95.3,90.2,96.9,98.7,100.1,98.3,100.1,100,99.6,99.5,100.1,100,100.1,359412.29,170338.041,189074.249,4142.473,131684.936,208472.523,393210.921,217406.4,9065.6,202431.8,1689,10.8,3268.69,.,11568,-3221.09406631828,276.997333333333,-3207.36066666667
09/2009,372829.797,685513.764,691267.906,102.4,100.6,93.9,94.8,99.8,100.3,101.7,101.1,100,100,100,100.3,100.2,100.1,360513.495,171712.842,188800.653,4170.108,133440.806,215758.535,402700.33,225520.6,9558.3,208574.6,1715.9,10.9,3283.18,.,11654,-4264.42264667311,350.997333333333,-10160.4074927536
10/2009,378638.679,698940.699,711193.49,98.7,98.1,101.2,90.5,100.3,100.2,101.7,101,99.9,100.1,100.1,100.3,100.2,100.1,360775.441,171403,189372.441,4296.966,134458.851,219136.414,411235.906,239275.9,9882.4,222044.5,1744.3,11.1,3312.32,.,15512,-5824.26975460295,2744.984,-5565.46231884058
11/2009,381533.238,694897.356,699860.597,100.9,99.9,110.1,98.3,100.7,100.1,100,100.1,99.6,100.3,100.3,100.3,100,100.1,363956.574,173503.997,190452.577,4365.673,134763.462,218250.927,407501.475,234349.2,10678.8,216531.8,1811.1,11.4,3403.92,.,13569,-7318.86313888659,1648.984,-9883.80353623188
12/2009,388344.854,714757.821,720232.522,102.4,103.2,117.9,93.5,100.5,100,99.4,100,99,100,99.9,100.5,99.8,100,376878.617,183365.326,193513.291,4246.995,135273.689,221558.917,410717.692,226859.2,10411.7,209225.4,1892.7,12.1,3652.4,.,16080,-7218.22111866465,2829.984,-8138.82634782609
01/2010,381269.211,705346.047,711029.218,105,105.9,116.3,95.8,100.9,100.1,97.7,100.2,100.6,100.6,100.5,100.3,100.3,100.4,380499.194,185947.531,194551.663,4209.853,135121.651,223304.839,412401.799,247458.5,10419.6,229750.4,2052.5,12.9,3231.13,.,12791,-5656,1421,-11284
02/2010,383426.827,711014.143,715590.898,96.7,99,117.7,97.4,100.3,100.6,98.4,100,99.6,100.2,100.1,100.2,100,100.2,385434.281,189518.083,195916.198,4228.714,134599.117,222398.215,411399.878,249053.9,10767.8,231009.4,2101.5,13.2,3288.29,.,9864,-1034,2293,-592
03/2010,389585.128,712761.519,721504.861,94.9,93.3,117.3,102.6,100.3,101.3,100.6,100.1,99.8,100.3,100.3,100.3,100.2,100.2,384533.613,191270.498,193263.115,3954.35,135579.037,223577.06,414782.812,244786.6,10543.8,227217.7,2076.7,13,3493.42,.,11392,-7382,1311,-8575
04/2010,388314.907,713066.938,721225.832,98.7,100.1,115.2,96,100.7,100.4,100.5,100,100,100.4,100.4,100,100.2,100.1,383749.235,195193.218,188556.017,3481.546,135842.113,226992.728,418904.984,259574.2,11396.1,241012,1973.8,12.4,3398.67,.,10805,-3019,2296,-4432
05/2010,409020.187,730147.686,737851.887,105.3,96.2,116.4,105.7,100.7,100.3,99.8,100.1,100,100.3,100.4,99.8,100.1,100.1,387453.42,200484.282,186969.138,3316.203,136935.38,237085.399,431077.381,286569.5,13237.9,265497.6,1907.9,12.1,3346.61,.,8986,-2840,760,4401
06/2010,415238.887,736375.596,742764.178,112.3,100,118.1,116,100.5,100.1,99.7,100.1,100,100.3,100.3,100,100.2,100.1,392017.614,205063.441,186954.173,3123.444,137576.058,253189.979,448503.849,290100,13933.8,268074.2,1843.9,11.7,3403.65,.,9941,-6871,1150,-10844
07/2010,414521.548,734376.016,743271.862,103.8,98.4,119.6,98.8,98.9,100.1,98.7,100,100,99.8,99.7,100,100.1,100.1,393386.14,205843.609,187542.531,3169.975,137371.375,247316.413,442786.696,286269.9,11877,267032.6,1812.8,11.5,3433.32,.,11662,-9452,3716,-11290
08/2010,421048.225,739043.378,749563.609,117.8,102.1,121.2,103.4,98.6,100.1,98,100,100,99.6,99.5,99.9,99.9,100.1,395058.93,207203.304,187855.626,3214.223,138324.35,257098.904,453962.072,293965,12890.7,273570.4,1800.2,11.4,3407.26,.,10549,-7148,309,-12348
09/2010,419209.58,744491.803,752866.413,106.3,101.8,121.6,94.8,101.8,100,102.6,101,100,100.6,100.7,100.3,100.2,100.2,395315.895,207425.41,187890.485,3139.716,138066.182,255041.074,451853.015,288523.1,12688.6,268662.7,1812.6,11.5,3403.68,.,11684,-8668,1161,-6985
10/2010,420153.157,748187.115,756551.718,100.4,101.5,121.6,91.1,101,100.2,101.7,100.6,99.9,100.5,100.5,100.4,100.2,100.2,396528.677,207739.58,188789.097,3168.468,137759.646,254658.765,451332.465,287926.4,12771.1,267999.7,1818.6,11.5,3440.22,.,11740,-6759,5215,-2944
11/2010,428822.91,754637.689,763350.145,102.6,108.3,115.9,98.5,100.2,100.6,100,100.1,100,100.1,100.1,100.3,100,100.1,400521.394,209963.053,190558.341,3184.602,138293.77,267579.013,465845.386,302321.6,14244.4,280592.2,1858.3,11.7,3525.67,.,12218,-11655,473,-12621
12/2010,449191.967,774657.904,783648.468,110,104.8,112.8,102.3,100,100.3,99.8,100.1,100,100.4,100.4,100.3,100.1,100.1,413072.27,224264.514,188807.756,3142.422,137710.446,271459.944,467749.879,277186.1,13831.7,255885.8,1954.7,12.4,3847.91,.,14203,-9653,5599,-15345
01/2011,436387.857,761148.796,769157.526,114,101.5,112.4,95.3,101.8,100.7,96.8,100.3,99.5,101.2,100.9,100.9,100.4,100.9,415620.525,224816.624,190803.901,3191.137,136418.253,268195.459,463879.581,276172,12727.7,256216.6,2105,13.1,3391.59,4042.6,10282,-6158,-2659,-15814
02/2011,444200.793,768891.436,775999.704,105.2,101.8,113.6,106.5,100.7,100.3,97.7,100.1,100,100.2,100.2,100.2,100.1,100.3,421989.244,229376.341,192612.903,3196.749,135512.291,272022.376,467528.842,297816.1,13418.1,277096.4,2150.2,13.4,3422.14,3912.3,8047,-2659,5168,1929
03/2011,458907.882,792669.573,801198.988,97.8,107.1,117.4,107,102.1,100.2,103.1,100.1,100,100.9,101.1,100.5,100.5,100.4,425138.633,230188.769,194949.864,3074.815,135010.97,273810.417,469745.858,301008.7,13366.6,280269.9,2133.9,13.3,3633.54,4602.3,9171,-5704,784,-9776
04/2011,441125.94,779152.287,790249.402,103.7,100.8,119.2,105.9,100.8,100,101.2,100.1,100.1,100.5,100.6,100.3,100.4,100.3,425711.25,232161.876,193549.374,3020.542,134105.036,274563.226,470655.259,296780.1,13464.7,276248.4,2043.5,12.8,3597.84,4486.3,9473,-2949,3263,-10141
05/2011,447246.535,783468.524,795501.165,104.6,100.8,117.8,98.6,101.3,100.5,101.9,100.1,98.8,100.6,100.6,100.4,100.4,100.4,423785.872,229406.282,194379.59,2993.105,135122.185,285413.34,483346.973,295578.4,13969.7,274268.7,1962.6,12.4,3483.99,4796.5,8753,-2330,334,-2653
06/2011,451246.657,788125.22,797345.218,99.8,97.5,116.9,103.6,98.2,100.6,99.6,99.9,98.3,99.6,99.5,100.1,100.1,100.1,426893.83,229659.28,197234.55,2902.832,134448.541,291901.346,489983.244,300337.7,13730.5,279274.3,1883.3,11.9,3600.47,4687.7,8842,-14163,1996,-9710
07/2011,440541.882,787548.051,799122.508,87,97.7,116.3,104.3,98.3,100.4,97.7,100.3,99.5,99.7,99.6,100.1,100.1,100.2,431057.697,229947.497,201110.2,2967.928,134802.166,304253.397,503290.102,299829.5,15009.5,277259.3,1863.2,11.8,3611.56,4652.2,10496,-10408,3237,-6352
08/2011,449241.298,800229.722,815789.647,87.6,106.4,116,99.8,98.6,100.2,97.2,100,104.8,100,99.9,100.2,100.2,100.2,436424.55,228032.221,208392.329,3040.779,136357.399,307481.032,508885.62,307011,17337.7,281907.5,1855.3,11.8,3591.23,4626.3,10901,-6205,1556,-5471
09/2011,444752.387,814265.155,829472.878,101.7,101.5,113.7,105.2,99.8,100.1,100.6,103.5,100,100.1,100.1,100.3,100.2,100.2,443424.314,225491.624,217932.69,2966.841,136296.965,315798.338,517785.066,326847.5,17558.1,300769.6,1861.7,11.8,3581.94,4619.8,10874,-7111,1168,-7936
10/2011,442059.766,817584.867,835655.475,98.2,100.7,110.1,101.4,101,100.1,103.1,100.4,100.3,100.7,100.8,100.4,100.3,100.4,447356.441,221649.719,225706.722,2957.789,135906.622,315060.525,516934.647,318557.8,17636.3,292701.3,1867.6,11.8,3617.16,4587.8,14188,-9315,5497,-6361
11/2011,453161.4,836794.031,853343.564,99.2,101.8,110.2,102.5,101.2,100.2,100,100.1,99.7,100.7,100.7,100.3,100.3,100.3,454494.244,224214.523,230279.721,2915.379,136026.23,325268.203,528104.775,337908.3,19310.4,309698.8,1914.9,12.1,3682.19,4478.7,13416,-6821,691,-4439
12/2011,468052.589,863745.521,881496.318,101.6,103.9,109.3,107.1,100.8,100,99.3,100,100,100.4,100.4,100.2,100.2,100.2,467772.649,232434.619,235338.03,2870.437,134520.912,322807.691,523856.748,334447.2,17804.3,306537.3,1982.7,12.5,4015.37,4251.9,16511,-10637,9582,-3388
01/2012,461339.22,855202.858,874632.482,103.1,103.8,110.5,93.1,101.6,100.7,96.8,100.4,100,100.7,100.4,100.4,99.8,100.6,475695.379,233170.195,242525.184,2911.897,132625.608,316763.319,515425.233,321341.8,18421.3,293601.5,2121.5,13.2,3666.41,3646.1,12468,-9469,134,-16379
02/2012,455697.193,860213.872,872121.289,101.5,99.8,109.2,102.9,100.7,101.3,97.9,100.1,100.1,100.4,100.4,100.3,100.3,100.3,477259.03,232485.604,244773.426,2976.68,131651.706,313811.905,512124.707,313120.9,18180.9,286011.4,2168.2,13.4,3568.32,3322,11315,-6165,3866,-2492
03/2012,454287.048,859994.951,874495.825,101,97.4,105.5,97.3,101.2,100.5,100.5,100,100,100.5,100.6,100.3,100.3,100.3,476444.828,232690.956,243753.872,2952.437,131653.538,316486.326,515494.983,311057.2,17140.3,284766.9,2141.9,13.3,3770.66,4196.9,12509,-5614,1659,-1860
04/2012,448746.602,854927.24,870702.605,111.9,98.6,99.1,101.8,100.2,100.2,103.1,100,100,100.6,100.5,100.4,100.5,100.3,475182.58,229341.453,245841.127,3070.924,131550.143,318665.05,518396.109,323940.5,17333.3,297024.1,2072.6,12.9,3719.81,4010.9,11085,-1896,4323,1391
05/2012,464009.315,867102.006,884150.734,103.9,99.7,97.9,101.4,100.8,100.2,99.8,100.1,100,100.2,100.2,100.1,100,100.1,477921.275,230598.684,247322.591,3296.314,131933.577,329989.038,531092.133,347405.2,18346.5,318598.3,2013.9,12.6,3617.98,4245.9,10032,-2256,685,2035
06/2012,462651.179,868777.851,884720.944,97.2,101.8,95.5,104.9,100.7,100.1,99.1,99.8,100,100.2,100.2,100.2,100.1,100.1,481941.952,233447.874,248494.078,3441.833,130998.967,326046.728,526978.58,343553.6,17597.6,315790,1964.4,12.3,3754.48,4034.9,10434,-7371,4651,-3889
07/2012,464940.404,869059.232,886873.061,100.2,100.4,94.8,98.5,98,100.2,97.6,100.1,100,99.5,99.3,100.1,100.1,100.1,483530.442,232668.487,250861.955,3654.251,130623.767,320794.273,521550.077,342717.3,17992.3,314803.3,1953.2,12.3,3700.01,4022.7,11873,-9254,8256,-2735
08/2012,458428.805,872955.403,895533.819,98.8,102.6,93.8,102.7,98.9,100.1,97.2,100.1,100,99.7,99.7,100,99.9,100.1,487087.342,231258.503,255828.839,3897.011,130788.98,325492.337,526631.089,345283.2,18295.3,316962.9,1964.7,12.4,3686.45,4290.2,12961,-3288,345,-6888
09/2012,457338.73,874563.2,892680.001,102,100,118.1,103.9,99.9,100.1,100.6,101.3,100,100.1,100.1,100.1,100,100.2,488157.183,228687.126,259470.057,3991.094,130321.555,322689.627,523806.267,336130.9,18728.5,307674.8,1979,12.4,3640.84,4430.9,12128,-4215,1775,-1929
10/2012,452795.898,879012.171,902437.527,101.1,97.7,95.7,100.3,100.6,100.1,103.5,100.5,100,100.4,100.4,100.3,100.3,100.2,490795.131,225609.04,265186.091,3971.149,130108.608,325377.749,526315.183,336925,18080.8,309117.8,1994.9,12.5,3718.19,4693,15425,-3090,5662,450
11/2012,457413.817,882074.719,901845.506,104.9,101.3,95.9,96.5,100.5,100.2,99.9,100.1,100,100.1,100,100.1,100.1,100.1,494683.591,225762.59,268921.001,4182.758,129500.022,325752.903,526517.483,339644.7,18062.3,311850.9,2058.1,12.9,3780.64,4341.9,15562,-5951,3808,-4507
12/2012,484813.023,900336.731,921412.48,104.7,100.5,97.2,93.8,100.8,99.9,99.4,100,100,100.1,100.1,100,99.9,100,504186.487,234101.852,270084.635,4376.097,128282.477,325657.87,524519.257,337591.7,17066.5,310975.9,2136.8,13.4,4111.69,3666.4,17112,-7052,547,-507
01/2013,476832.989,895716.818,913439.383,100.8,99.7,97.3,95.6,101.3,100.4,96.5,100.3,98.5,100.1,100.1,100.2,99.9,100.2,510201.681,239180.747,271020.934,4554.293,127343.072,327268.839,525071.506,333453.7,17106.6,307082.3,2295.7,14.2,3680.3,3340.1,14059,-5256,42,-11841
02/2013,484458.658,904415.031,920261.092,99.6,100.8,97.5,101.1,99.8,101.3,97.8,100,97,100,99.9,100.1,99.9,100.1,516750.758,245021.133,271729.625,4633.272,126610.322,328427.355,526004.666,339253.8,16677.4,313228.7,2336.7,14.4,3709.99,3345,10940,-4185,3340,-1335
03/2013,487392.128,915839.384,932005.534,95.9,96.3,99.1,103.3,100.1,100.8,100.4,100.1,97.1,100.2,100.3,100.2,100.3,100.1,520562.053,251878.164,268683.889,4566.195,126645.611,330484.532,528570.351,354805.8,17235.1,328157.2,2314.5,14.3,3832.81,4036,12156,-1114,-23,466
04/2013,493721.31,914731.599,935231.265,99.3,100.1,105.8,98.9,100.4,100.1,103.3,100,100,100.4,100.4,100.5,100.6,100.1,519171.947,257147.684,262024.263,4329.379,126850.183,329165.397,528104.252,346057.5,15458.3,321403.7,2255.7,14,3830.89,3994.8,10616,1422,77,-4507
05/2013,508299.421,920112.136,941791.066,98.2,97,107.9,97.4,100.7,100.2,100.1,100,97.4,99.9,99.8,99.9,99.9,100,517284.766,260388.335,256896.431,4224.456,127845.536,334437.35,534893.932,363230.6,15377.2,338500.6,2176.3,13.6,3699.67,4284.8,9709,2620,11062,9860
06/2013,523782.803,927344.506,946586.353,93.9,99.9,111.9,107.6,99.7,100.2,99.2,99.8,100,100,100,100,100,100,521418.328,267250.642,254167.686,4014.656,127129.772,338127.197,538587.904,354690.4,13208.5,331954.1,2109.1,13.2,3808.63,4370.1,10482,-5238,2567,-387
07/2013,530665.673,921661.484,945076.796,89.9,97.8,114.8,104.4,99.7,100.1,97.3,100.1,100,100.3,100,100.4,100.6,100.1,520917.348,270113.014,250804.334,3810.864,127721.874,336519.522,537964.568,351632.7,14067.3,328299.2,2093.1,13.1,3830.07,4617.8,12956,-7043,8371,-3062
08/2013,531124.101,928358.847,949987.643,80.5,99.6,117.8,103,98.8,100.2,97.3,100.1,100,99.7,99.6,99.9,99.9,100.1,523485.159,272347.935,251137.224,3713.553,128411.065,338736.67,541342.596,352337.5,14843.5,328385.3,2083.2,13,3760.45,4575.8,10462,1505,737,-353
09/2013,540873.279,931041.815,947227.581,108.6,101.5,120.1,99.8,100,100.2,100.7,93.1,100,100.1,100.1,100.1,99.9,100.2,522749.339,272258.26,250491.079,3560.172,130989.96,339698.648,545749.026,333699.6,13802,310828,2083.1,13,3770.91,4684.9,10722,-719,575,471
10/2013,536236.496,935095.233,955418.698,104.2,99.9,121.4,96.2,99.9,100.1,103.5,100.4,102.8,100.2,100.2,100.3,100.4,100.1,524031.14,271320.549,252710.591,3232.451,131198.127,338462.222,544961.335,321983.2,13463.5,299608,2075.2,13,3834.17,4957.1,14438,-2919,7932,2145
11/2013,538836.808,934713.236,953446.267,101.1,98.9,123.3,95.5,100.2,100.1,99.8,100.1,95.1,99.8,99.8,100,99.8,100,526245.17,271240.457,255004.713,3133.496,131320.667,340660.421,547982.567,330200.3,12709.9,308473.4,2116,13.2,3897.88,4508.6,12588,-4275,901,-3285
12/2013,555835.31,960344.913,978908.218,102.5,101,122.4,96.5,100.7,100,99.4,100,100,100.1,100.1,99.9,99.9,100,536465.383,276522.411,259942.972,3088.601,131439.892,340543.359,547093.824,319933,11974.7,299235.5,2157.9,13.4,4221.5,4165.8,16008,-4449,2274,-7212
01/2014,546487.343,947443.323,962415.645,99.6,101.3,124.4,95.8,101.5,100.8,96.3,100,99.7,100.1,100.1,99.8,99.6,100.1,542664.773,277689.393,264975.38,3039.785,131478.138,345521.883,552652.436,332661.7,12904.9,311154.5,2260.7,13.9,3805.28,3697.6,12511,-7048,-90,-8305
02/2014,548032.839,954284.053,968442.267,97.9,99.1,122.6,91,99.8,101.4,98.3,100,100.3,100.1,100.1,100,100.2,100.1,548332.323,279854.048,268478.275,3015.457,131162.312,344019.294,551758.216,315873.3,13291.8,294236.8,2255.9,13.9,3856.56,3522.2,12462,-4586,4761,-1552
03/2014,558953.88,964623.741,980377.256,101.8,98,119.9,102.8,99.7,100.7,100.8,100,100.6,100.1,100.1,100.1,100.3,100.1,551193.805,280400.947,270792.858,3019.141,131450.856,344765.42,553655.988,312077.1,12992.5,290762.5,2182.2,13.5,4017.75,4200.3,10589,-1112,1512,-1317
04/2014,548393.693,969753.516,986142.157,103.2,101.9,115.1,106.1,99.5,100.3,102.8,100,98.5,100,100,100.1,100.3,100,553600.555,281526.392,272074.163,3025.612,132187.409,347251.993,557450.918,311905.5,13013.5,290436.7,2079,13,3976.8,4174.6,11646,-867,1135,-1673
05/2014,557651.192,975000.902,991119.993,100,98.9,111.3,100,99.6,100.2,99.9,100,99.9,99.9,99.8,100,100,100.1,553588.529,280844.547,272743.982,3081.745,133183.159,346469.128,558793.239,312662.5,12628.7,291620.5,1986.7,12.5,3878.31,4283.5,8893,-1405,12375,9433
06/2014,572375.807,980089.488,996171.156,96.4,99.1,106.5,105.9,99.7,100.1,99.2,100.1,102.4,100,100,99.9,100.2,100,556538.346,283245.64,273292.706,3131.205,133844.167,349192.808,562486.753,310676.2,13239.4,289013.8,1912.5,12,3943.01,3997.2,10317,-10624,1701,-9088
07/2014,570506.614,985769.156,1002137.279,88.1,98.3,103.2,100.3,98.9,100,97.2,100.2,101.2,99.8,99.8,99.9,100,100.1,559814.71,283927.703,275887.007,3197.607,134870.364,350539.317,565103.626,321761.8,13324,300000.6,1878.5,11.8,3964.91,4370.9,13259,-5651,5962,-1507
08/2014,574529.433,1003128.364,1020561.111,96.6,101.7,96.4,97.4,98.4,100,97.3,100.1,101.3,99.6,99.5,99.8,100,100,563291.546,284734.659,278556.887,3318.064,135954.455,354801.71,570637.302,325952.2,13599.4,303757.1,1853.2,11.7,3893.23,4323.2,9144,-4843,162,-4658
09/2014,578485.426,1003354.341,1021824.195,99.8,97.7,97.3,95.2,100.1,100,101.1,100.2,100,100,100,100.1,100,100,564629.367,282478.827,282150.54,3409.409,136875.465,354623.051,571828.87,335408.9,13201.4,313640.5,1821.9,11.5,3900.49,4555.8,11321,-1156,1961,-1962
10/2014,574605.84,1011930.555,1028665.265,97.8,96,87,93.2,99.8,100,103.4,100.6,99.7,100,100,100.1,100.2,100,569323.177,282869.742,286453.435,3488.505,136470.776,357176.223,573527.386,335000.4,12990.5,313372.1,1784.8,11.3,3980.92,4657.6,14724,-1763,3180,843
11/2014,583681.712,1017658.848,1033417.841,103.6,100.6,83,95.7,99.9,100.1,99.8,100,99.3,99.8,99.7,99.9,99.9,99.9,574208.876,286934.007,287274.869,3614.632,136743.307,357445.742,574812.275,337373.6,13172.3,315622.7,1799.8,11.4,4004.8,4385.4,13005,-127,1020,-1374
12/2014,606282.659,1044552.907,1059015.26,104.2,101.7,80.2,94.2,100,99.9,98.9,100,100,99.7,99.7,99.8,100,99.9,592446.191,298282.411,294163.78,3686.698,137394.841,361125.66,578092.648,352256.9,13918.5,329937.8,1825.2,11.4,4379.26,3904.7,15295,-5169,8310,1087
01/2015,596572.78,1032424.444,1044747.366,105.6,104.2,79.5,97.4,100.8,100.1,96.4,100.1,100,99.8,99.6,100,99.8,100.1,597970.734,301758.913,296211.821,3603.323,138265.141,379039.719,597195.339,370037.9,15555.7,346024.2,1918.6,11.9,3942.78,3455.9,11748,-2550,1195,-3114
02/2015,603439.877,1038760.559,1052746.148,99.6,102.2,79.6,109.8,100,100.6,98.1,100,100,99.9,99.8,99.9,100,100,604848.018,307336.718,297511.3,3567.992,137879.507,374419.065,592613.239,360588.8,14745.5,337859.4,1918.7,11.9,3981.75,3606.8,9493,-1151,8904,4805
03/2015,620090.093,1050848.922,1066042.165,98.1,100.4,80.5,98.5,99.9,100.2,100.8,100,100.2,100.2,100.2,100.1,100.1,100.1,606507.338,309239.312,297268.026,3516.52,138741.182,375700.786,595651.512,370293.8,14877.2,347723.8,1860.6,11.5,4214.14,4246.9,10462,2196,5093,6612
04/2015,612559.548,1043441.637,1055849.171,98.3,98.8,80,100.5,100.6,100,103.1,100,100.8,100.4,100.5,100.3,100.4,100.1,606048.712,311679.064,294369.648,3442.836,139150.358,373647.692,594608.697,370370.7,14341.2,348475.8,1782.2,11.1,4123.26,4053.2,10435,5468,486,4667
05/2015,621988.827,1052740.961,1065807.766,94.9,100.9,80.4,96.2,99.8,100,100,100,99.6,100,100,99.9,100,100,608192.765,314288.317,293904.448,3402.623,140888.1,380543.93,604231.09,387714.9,14838.6,365108.3,1702.1,10.7,4002.16,4337.5,10410,3647,3490,4506
06/2015,638624.618,1065897.275,1077727.45,100.6,101.5,81.3,104.6,100.1,100.1,99.2,99.9,99.3,100,100.1,99.9,99.9,100,611955.715,319061.15,292894.565,3280.451,141364.921,384128.229,609240.238,391735.9,14636.6,369382,1622.3,10.2,4039.7,4212.3,11418,-8137,852,-7408
07/2015,639680.587,1074074.485,1087321.871,102.4,93.4,81,99.6,98.9,100,97.5,100.1,101.6,99.9,99.9,100,100.2,100,616415.383,320372.141,296043.242,3166.869,142313.983,381332.879,608183.657,374253.8,13555.3,352990,1585.7,10,4095.26,4349.9,12886,-5679,14943,6821
08/2015,652363.722,1083208.702,1094496.91,96.9,100.8,84.1,99.3,99.3,100,97.6,100,100,99.6,99.6,99.9,99.9,100,621194.625,323909.257,297285.368,3131.87,143712.107,382378.631,610053.064,373053.5,14189.7,351070.6,1563.5,9.9,4024.95,4230.7,11215,-3028,3896,-561
09/2015,655895.841,1094310.501,1106539.682,101.5,99.5,87.3,105.3,100.6,100,100.9,100.5,99.8,99.7,99.8,100,99.8,100,623967.994,323033.671,300934.323,3085.451,144755.958,381898.956,610814.939,383089.8,14023.8,361483.6,1539.4,9.7,4059.19,4639.8,13264,-2763,334,-2564
10/2015,657277.73,1107298.067,1120685.204,100.8,101.3,90.1,95.1,100.4,100,103.3,100.3,99.7,100.1,100.1,100.1,100.2,100,630329.133,326013.78,304315.353,2987.185,145408.467,384798.34,614340.47,390509.4,14716.9,368072.5,1516.9,9.6,4110.77,4821.3,14965,-881,1311,-2714
11/2015,676818.137,1118293.72,1130023.045,101.7,103.4,90.9,88.3,99.7,100,99.7,100,99.9,99.9,99.9,99.9,99.9,100,635530.092,330222.816,305307.276,2927.301,146061.201,385284.686,615692.87,395158.6,14079.9,373222.5,1530.6,9.6,4164.01,4583.3,13736,-128,2640,-945
12/2015,692124.41,1145258.817,1154992.6,100.9,100.9,91.4,99.2,99.9,100,99,100,100,99.8,99.8,99.8,100,99.9,650754.956,339117.881,311637.075,2930.392,146787.853,386400.512,616770.301,370296.7,13713.4,348879.4,1563.3,9.7,4515.28,4065.3,17679,-3510,-639,-8129
01/2016,686587.912,1140951.337,1151171.506,98.6,99,91.5,103.3,101,100.1,96.4,100,100.1,99.5,99.5,99.7,99.5,99.9,657853.137,342998.045,314855.092,2864.402,146998.843,390189.412,621477.281,406190.9,14997.8,383393.4,1647.5,10.2,4101.36,3442.9,12771,2083,7136,6506
02/2016,700614.333,1150393.358,1158908.406,96,97.7,90.7,103.4,100.3,100.3,98.2,100,100.1,99.9,99.9,99.9,100,100,663913.62,346324.908,317588.712,2821.344,147521.723,390278.537,622601.817,394940.2,16309.9,374380.5,1652.7,10.2,4137.55,3743.4,12256,-2433,3143,-2977
03/2016,705866.014,1154736.097,1162602.993,98.2,92.21,87.5,102.5,100.4,99.9,101.8,100,99.9,100.1,100.2,100.1,100,100.1,667813.711,351753.882,316059.829,2761.281,148376.432,387462.843,620770.023,377895,15347.1,358439.2,1600.5,9.9,4351.45,4190.7,12396,-2525,111,-6094
04/2016,711237.128,1169793.673,1178341.912,98.9,108,87.9,97.7,100.3,100.2,102.7,100,99.4,100.3,100.4,100.3,100.3,100.2,671446.287,355756.392,315689.895,2680.83,149937.024,393885.738,629808.568,406763.1,16340.1,386199.2,1521.8,9.4,4313.57,4154.4,13711,1652,274,205
05/2016,728624.606,1180640.185,1189370.856,100.3,102.7,89,109.6,99.9,100.1,99.5,100,100,100.1,100.2,100,100,100.1,674172.42,360065.062,314107.358,2612.153,151335.121,393033.516,630726.118,425248.2,15772.4,405228.3,1456.9,9.1,4166.28,4187,10907,689,-213,-198
06/2016,740258.495,1192033.525,1200885.98,101.3,100.2,90.6,108.9,100.2,100.1,99.4,99.9,99.7,100.2,100.3,100.1,100.1,100,683225.025,369055.847,314169.178,2558.841,152750.561,397925.898,636731.869,438896.2,17349.8,417257,1392.5,8.7,4252.19,4260,11700,4024,-81,2965
07/2016,739420.619,1194740.021,1204004.524,97.7,97.6,93.4,108.3,99,100,96.9,100,100,99.7,99.6,100,100,100,686000.601,371950.231,314050.37,2465.649,153503.894,397003.533,637328.253,429161.1,17360.5,407583.9,1361.5,8.5,4291.85,4224.6,12883,-5429,-33,-2501
08/2016,749543.271,1195282.172,1204629.506,96.2,101.9,97.3,100.1,99.5,100,97.5,100.1,100.1,99.8,99.7,100,99.9,100.1,686621.309,374058.601,312562.708,2375.439,154748.546,396148.881,637897.354,429964.2,17002.6,408769.9,1346.9,8.4,4212.56,4375.7,12728,-4431,140,-3308
09/2016,753416.721,1200629.672,1210101.416,102.8,100,102.8,99.7,99.8,100,100.9,100.6,100,100,100,100,99.8,100.1,687828.035,376409.738,311418.297,2291.697,155831.074,397162.551,640391.434,431536.4,16946.3,410465.3,1324.1,8.3,4217.96,4479.8,12665,-4836,91,-3003
10/2016,759085.087,1208958.246,1218275.348,99.7,96.5,107.4,94.8,100.5,100.2,103.6,100,100,100.5,100.6,100.4,100.4,100.3,691800.687,380825.887,310974.8,2240.369,156665.449,398736.067,642641.058,446332,16653.2,425508.1,1308,8.2,4259.37,4725.5,16620,-1349,-223,-21
11/2016,784755.363,1231173.086,1239680.869,100.8,101.3,114.6,97.8,100.4,100.1,99.7,100,100,100.1,100.1,100.1,100,100,703095.628,390133.477,312962.151,2189.868,157357.645,404284.56,648729.428,462448.7,16398,441695.5,1313.6,8.2,4329.71,4481.1,16573,-810,3685,5914
12/2016,815304.036,1256211.86,1265661.65,103.9,104.8,120.4,102.5,101.2,100,98.9,100,100,100.7,100.8,99.9,100.1,100.1,713855.042,399945.865,313909.177,2179.939,156897.666,405032.068,648178.947,478076.9,16035.8,457687.9,1335.2,8.2,4635.77,4384.4,18115,-1306,5438,8457
01/2017,797286.502,1238924.191,1249194.589,102.8,101.3,118.1,97.6,101.8,100.1,95.7,100.1,99.7,100.4,100.3,100.2,99.7,100.4,714327.364,401223.608,313103.756,2142.818,157989.163,403139.845,648094.708,459850.8,16051.2,439634.5,1397.1,8.5,4277.32,3706.1,15330,10643,478,8959
02/2017,809621.039,1244740.997,1253836.479,100.8,98.2,121,98.5,101,100.5,98.2,100,99.9,100.3,100.4,100,100.1,100.2,720997.837,409601.112,311396.725,2078.827,158276.302,403701.915,649107.793,451768.4,16896.4,430748.5,1383.4,8.4,4304.95,3845.8,11501,-1613,863,-2743
03/2017,810789.103,1243238.909,1253372.791,103.9,99.9,124.2,103.2,99.6,100.1,101.8,100,100,99.9,99.9,100.2,100.2,100.1,722887.758,413287.628,309600.13,2039.608,159048.161,400994.163,648497.509,441836.6,16218.2,421626.4,1324.2,8,4577.86,4555.9,13672,-216,1326,-1205
04/2017,811904.589,1246275.189,1257180.992,99.9,100.8,127.4,108.1,100,99.6,103,100,100,100.3,100.3,100.3,100.6,100.1,723173.307,417390.575,305782.732,2030.67,160462.671,400525.715,650164.139,423403.4,16212,403231.5,1252.7,7.6,4489.07,4438.3,11296,1242,427,-1506
05/2017,825305.198,1250680.325,1263878.301,103.3,100.5,131.4,102.5,100.8,100.2,99.7,100,102.4,100,100,100.2,99.9,100.1,719092.914,418092.446,301000.468,2023.949,162262.14,399508.969,651612.98,409837.3,15628.1,390360.2,1202.1,7.3,4390.99,4658,13641,-893,970,-2303
06/2017,830521.178,1249015.235,1260701.952,100,99.2,133,101.5,100.1,99.9,99,99.9,99.6,99.8,99.8,100.1,100,100,722614.61,424940,297674.61,2002.231,160903.144,407649.988,657138.413,414068.1,15253.8,394970.8,1151.6,7,4508.08,4607.9,12846,-4747,2334,-3607
07/2017,837388.62,1252247.803,1264291.93,97.5,99.4,133.3,94.2,99.8,100.2,96.6,100.1,100.1,99.8,99.8,100.1,99.9,100.1,721315.749,425382.312,295933.437,2030.025,161898.071,404810.403,656057.726,398126,15202.8,379219.6,1140,7,4501.52,4745.9,17334,-2584,2796,-1420
08/2017,843145.964,1259261.618,1269796.34,92,102.9,133.2,100.2,99.4,99.9,97.5,100.1,99.5,99.9,99.8,99.9,99.8,100.1,723732.469,428486.657,295245.812,2069.682,163274.32,405590.427,658053.252,392903.7,15485.3,373790.7,1136.1,7,4492.63,4807.9,14404,477,631,-1217
09/2017,844458.426,1266349.04,1275942.425,101.4,99.1,129.6,99.8,100.4,100.4,102.1,100.9,100.5,100.4,100.4,100.2,100.1,100.3,724792.058,429938.64,294853.418,2089.21,164525.446,408629.362,662696.118,406641.6,15558.8,387418,1117.1,6.8,4473.06,4778.4,14210,-575,1001,-2692
10/2017,856908.891,1277419.021,1287690.466,100.5,102.2,123.4,91.6,100.9,99.8,103.5,100.5,99.9,100.5,100.6,100.3,100.3,100.1,728118.341,433641.971,294476.37,2102.687,165704.576,406629.257,661624.668,404153.2,15411.3,385122.4,1069.5,6.6,4574.35,5022.4,17409,-917,2454,-968
11/2017,874442.381,1284960.218,1295827.085,101.4,101.2,116.6,96,101,100.2,99.7,100.1,99.8,100.5,100.6,100.3,100.1,100.2,733282.525,439616.978,293665.547,2119.87,166469.979,405620.398,661123.756,402977.2,15086.6,384429.9,1067.7,6.5,4610.79,4939.8,18129,-230,648,-2420
12/2017,906374.577,1312847.319,1324368.561,102.4,102.3,112.2,98.1,100.5,99.9,98.6,100,100,100.2,100.2,100,100.1,100,744026.587,451134.639,292891.948,2131.824,167694.198,404611.514,660756.492,394357.8,14942.1,376080.2,1081.7,6.6,4973.73,4690.9,18570,-6944,11073,1584
01/2018,885711.518,1296258.294,1309614.825,99.6,98.5,107.6,93.5,101.2,100.5,96.1,100.3,100.2,100.3,100.3,100.1,99.9,100.4,743787.509,452587.651,291199.858,2091.835,168878.887,405500.899,663414.781,391618.5,14817.4,373558.7,1133.7,6.8,4588.58,4776.7,15005,9138,3742,10661
02/2018,892298.85,1303824.041,1315382.347,98.8,98.4,102,104,99.6,100.2,98.5,100.1,98.6,99.8,99.7,100.1,100,100,752129.095,461785.565,290343.53,2079.011,169834.439,408795.771,667690.396,396752.4,14943.5,378520.3,1126.7,6.8,4599.72,4525.1,14921,-3246,1002,-4005
03/2018,890402.647,1310701.665,1325795.63,101,98,102.1,104.4,99.9,100.1,102.3,100.1,100,99.9,99.9,100.1,100,100,757336.03,466827.319,290508.711,2100.976,171120.763,409423.789,669920.834,407859.6,14962.2,389590.8,1092.2,6.6,4886.56,5022.6,14708,-6047,943,-9140
04/2018,899499.755,1313095.269,1328848.506,99.1,103.7,100.9,97.4,100.4,100.3,102.9,100,99.4,100.5,100.6,100.4,100.5,100.2,757672.922,468732.43,288940.492,2112.154,172543.927,409422.553,671973.821,394801.9,15193.5,376267.6,1042.5,6.3,4840.44,4926.2,13861,-198,2017,5161
05/2018,912150.432,1331452.952,1346708.077,101.5,100.7,98.2,98.6,99.7,100.2,99.6,100.1,100.3,100.2,100.2,100,99.9,100.1,763149.362,473355.677,289793.685,2142.386,174812.952,418585.843,683906.779,415744.2,15992.3,396270.5,1002.2,6.1,4696.59,4955.5,11972,-533,1865,424
06/2018,921896.232,1339105.636,1352491.927,102,98,96.6,104.3,99.8,100.1,98.6,100,99.9,100.1,100.1,100.1,100.1,100.1,769749.396,479655.443,290093.953,2126.349,176115.399,420782.854,687706.083,407981.8,15499.9,388435.8,967.9,5.8,4848.16,4887.1,12319,-2638,3114,-1199
07/2018,931495.364,1343164.219,1356806.023,101.1,98.9,95.8,101,99.3,100.3,96.5,100,100,99.8,99.8,100.1,99.9,100.1,773789.736,483759.403,290030.333,2149.666,177626.855,420019.946,688774.118,409120,14991.1,390207.5,961.8,5.8,4825.02,5093.3,16637,-5171,7279,-619
08/2018,937102.889,1352880.016,1365479.628,108.5,101.5,92.9,102.8,99.3,99.9,98.3,100.1,100.4,100,99.9,100,100.1,100.1,778760.971,488197.581,290563.39,2172.161,179145.771,425262.996,695651.133,416898.5,16039,396927.6,958.6,5.8,4798.27,5072.7,16415,-4916,2162,-1535
09/2018,945165.095,1359313.764,1376164.833,106.5,99.4,91.6,97.4,100.6,100.2,102.4,101.4,97.7,100.2,100.2,100.2,100,100.3,782705.689,492820.983,289884.706,2156.173,179781.255,425344.566,696537.624,414879.8,16314.6,394660.8,947.4,5.7,4771.86,5004.2,13914,-3531,872,-2215
10/2018,957382.967,1380484.551,1394706.059,101.2,100.4,92.4,93.9,100.4,99.7,103.9,100.6,99.9,100.4,100.4,100.2,100.3,100.1,793939.907,501546.842,292393.065,2153.216,181146.522,428662.702,700691.338,425644.4,19238.9,402182.6,937.3,5.7,4921.39,5466.9,18871,-3145,6110,5963
11/2018,974892.754,1395254.167,1409695.835,101.5,100,92.7,95.8,100,100.4,99.9,100.3,97.4,100,100,100.1,99.9,100.1,803480.673,511274.724,292205.949,2116.598,182499.965,429939.026,703401.568,429510.7,19044.2,406285.5,950.5,5.7,4966.61,5069.2,16470,-126,2790,221
12/2018,1012353.076,1428233.205,1446092.585,101,100.5,91.9,99.4,100.7,99.6,98.6,100,99.9,100,100,99.9,100,99.9,818907.009,521028.424,297878.585,2135.755,183219.02,432235.297,705691.363,439751.7,19928.3,415048.2,968.9,5.8,5274.95,4593.9,19970,-7577,12711,1391
01/2019,987020.975,1410808.436,1425427.652,100.2,100.9,99.1,96.9,101.1,100.4,95.8,100.3,101.8,99.8,100.1,99.8,100,100.3,823451.276,519646.778,303804.498,2167.312,183996.146,431645.855,706450.588,423682.7,20385.2,398519,1023.1,6.1,4931.8,4479.8,17405,9107,1362,7447
02/2019,1002335.912,1430989.398,1444035.309,100.6,96.9,102.1,102.5,100.9,100.2,98.3,100.1,100.9,100.4,100.3,100.2,100.2,100.2,836226.204,530282.692,305943.512,2148.303,184903.422,434341.325,710653.413,425792.1,20749.6,400208.5,1016.7,6.1,4949.42,4417.7,15021,-3092,338,-5133
03/2019,1010349.268,1442834.344,1457187.139,98.9,102.1,102.7,107.5,100.4,100.2,103.2,100.1,99.9,100.3,100.4,100.4,100.4,100.2,844046.833,537466.107,306580.726,2155.406,186315.924,437411.16,715649.436,433306.3,20486.4,407999.4,984.7,5.9,5164.53,5039.3,14991,844,1746,-652
04/2019,1020811.506,1453094.839,1467093.788,96.5,99.3,102.8,127.8,101,99.9,103.1,100,100,101.1,101.2,100.6,101,100.5,847724.496,541785.499,305938.997,2143.406,188315.728,437256.718,718036.494,448068.7,20353.4,422754.5,938.3,5.6,5186.12,4713.6,17673,573,5146,6664
05/2019,1035864.362,1467430.917,1480589.526,98.8,100.5,104.2,102.1,101.4,100.5,99.9,100,99.6,100.2,100.2,100.3,99.7,100.3,853506.041,548463.593,305042.448,2165.351,190117.572,441562.467,724707.325,456660,21384.3,430326.2,906,5.4,5057.82,4573.3,14974,-232,2603,5278
06/2019,1046546.986,1465475.351,1478217.689,96.5,92.9,102.8,99,100.3,100.1,98.8,100.1,101.1,100.3,100.3,100.3,100.4,100.2,855912.795,556219.791,299693.004,2155.336,191886.551,443473.023,728876.089,439822.3,38708.4,396266.4,877.1,5.3,5104.46,4386.8,14412,494,4349,-1968
07/2019,1057089.379,1476692.523,1490888.555,88.6,102.7,100.7,97.7,100.3,100,96.5,100.1,100.4,100,100,100.2,100.1,100.2,859548.636,558323.212,301225.424,2148.361,194084.998,449070.909,735391.636,448683,40492,402764.8,868.4,5.2,5182.43,4663.3,16908,-3136,6971,4090
08/2019,1064527.931,1488482.189,1500466.208,98.2,98.1,100.6,103.2,99.7335787322872,99.9781995931046,98.4728696157331,100.005994241069,100.8,100,100,100,100.2,100,867867.161,568165.707,299701.454,2141.891,195600.432,455254.221,742775.017,463136.1,44570.5,413003.6,865.5,5.2,5125.26,4481.4,17334,-2909,2151,2567
09/2019,1082384.414,1495863.785,1506173.415,99.4,98.4,98.9,102.1,99.8,100,102.6,102.6,99.3,100,99.9,100.4,100.2,100.2,871096.764,573167.592,297929.172,2124.54,196785.331,457296.301,747054.565,483487.9,43742.8,434223.7,851.2,5.1,5084.56,4460.6,16998,3102,1477,3770
10/2019,1089792.11,1511907.37,1523945.155,100.6,100.7,96.9,99.2,100.3,100,103.5,100.9,100,100.2,100.2,100.4,100.3,100.2,877735.144,580019.976,297715.168,2105.486,197540.425,456289.493,745522.604,465343.5,42273.5,417728.5,840.5,5,5213.27,4906.7,20592,1043,6372,1893
11/2019,1109059.441,1530381.437,1542584.075,102.8,104.7,98.6,99.8,100.3,100.4,99.8,100.3,100,100.1,100.1,100.2,100,100.1,887439.658,589809.637,297630.021,2098.124,198398.075,459621.352,748193.998,470785.8,42061.6,423369,849.6,5.1,5229.44,4509.2,19042,5064,1502,4367
12/2019,1154871.586,1552647.893,1565574.707,101.5,100.2,99.7,106.5,101.2,99.9,99.2,100,100.4,100.8,100.9,100.1,100.6,100.2,898100.418,601413.695,296686.723,2096.091,198562.844,460771.53,748265.069,487643.5,42518.8,439897.4,866.4,5.2,5604.25,3951.3,22075,305,11262,5413
01/2020,1127700.962,1546994.528,1557781.594,104.1,101.3,97.5,95.4,101.9,101.4,95.5,100.5,99.7,100.9,100.5,100.4,100.1,100.8,901797.108,605921.749,295875.359,2077.783,199155.599,465562.997,753553.906,489270.1,45321.5,438623,922.2,5.5,5282.8,3782.8,18517,11717,-368,9700
02/2020,1152635.426,1569329.13,1579368.847,102.1,100.8,99.5,105.1,100.8,101.7,98.8,100.3,100.8,100.7,100.5,100.5,100.6,100.5,911534.296,617009.132,294525.164,2056.799,199561.642,469069.326,757801.931,503178.7,46932,450885.1,919.9,5.5,5330.48,4035.2,15527,4704,3416,9802
03/2020,1224779.799,1617386.266,1628423.346,100.7,96.3,99.3,100.2,100.8,100.4,102.5,100.1,100.4,100.2,100.2,100.5,100.5,100.4,924616.163,635278.935,289337.228,2015.414,198640.505,478228.68,766121.962,501297,48913.9,446659.9,909.4,5.4,5489.21,4321.1,15580,3572,6723,10409
04/2020,1275591.947,1666812.29,1673139.118,107.9,97.9,97.8,96.8,100.3,100.5,101.4,100,100.3,99.9,99.8,100.3,100.8,100.3,934453.034,657501.182,276951.852,1959.946,195760.969,480536.378,764749.629,493503.4,52663,434727.1,965.8,5.8,5285.01,3651.9,14358,3738,8246,11367
05/2020,1338261.167,1712512.395,1717907.002,101.8,101.7,97.2,87.4,100.2,100.1,99.1,99.8,100,99.8,99.7,100.3,99.9,100.2,950662.394,684518.77,266143.624,1914.163,195249.359,478707.442,760744.067,531562.4,50782.8,474464,1011.7,6,5119.94,3941.8,16357,7062,3736,6275
06/2020,1395848.364,1739330.112,1746224.832,99.6,100.7,98.9,104.8,99.9,100.2,99.8,100.9,101.7,100.6,100.7,100.3,100.7,100.3,960674.589,707220.476,253454.113,1817.005,195426.499,480863.854,762110.197,513847.1,51815.6,455618.7,1026.5,6.1,5286,4004.2,17006,14116,3702,14028
07/2020,1410037.415,1733221.147,1740828.341,88.1,100.3,100.4,90.4,98.6,100.2,97.7,100.2,100.6,99.8,99.8,100,100.2,100.1,959897.78,719701.533,240196.247,1694.078,196047.29,480056.745,761326.325,511679.45,53952.8,451537.7,1029.5,6.1,5381.65,4213.4,23806,2780,4051,3176
08/2020,1429109.073,1736424.185,1744100.859,95.5,97.7,102,99.9,98.9,100,98.5,100.1,100.2,99.9,99.8,99.9,100,100,958939.72,728820.067,230119.653,1583.498,196667.809,481059.126,762877.724,513655.2,53132.5,454388.3,1028,6.1,5337.65,4431.3,16378,4801,3378,2747
09/2020,1454114.652,1754840.992,1762175.558,104.4,104.2,105.3,94.3,99.6,99.9,102.6,102.6,101.3,100.2,100.2,100.3,100.4,100.2,962303.468,736531.048,225772.42,1462.795,197157.75,486210.129,768414.885,539263.9,53526.1,478922.2,1023.7,6.1,5371.56,4608.4,19425,6792,932,4127
10/2020,1481052.169,1775038.742,1782616.501,107.1,100.7,108.8,95.1,99.9,100,103,100.9,99.1,100.1,100.1,100.3,100.3,100.1,968946.412,749801.283,219145.129,1372.346,196524.17,491958.623,772941.499,566212.15,54558.1,504678,1018.4,6.1,5458.88,4797.1,19901,10692,8759,24586
11/2020,1502540.339,1783814.551,1790685.578,107.7,99.3,108.5,92.7,99.9315706464082,99.9651218861075,98.7516943783419,100.207246790042,100.959442028524,100.1,100.1,100,100.2,100.1,970355.202,757357.388,212997.814,1287.833,195531.01,488894.992,768006.885,539582.9,48673,484189.9,1025.7,6.1,5484.07,4780.2,19586,7769,2411,7575
12/2020,1531635.956,1814671.271,1822650.053,102.2,103.7,109.4,94.5,100,99.9,98.5,100,99.4,100.1,100.1,100,100,100.1,993783.132,784468.065,209315.067,1186.902,194483.703,494382.374,770913.252,579718.7,52252.6,520626.5,1046.4,6.2,5973.75,4483,25537,.,.,.
